symbol,min,max,count
ACB,2018-07-02,2026-03-13,1918
VNM,2018-07-02,2026-03-13,1923
VJC,2018-07-02,2026-03-13,1923
VIC,2018-07-02,2026-03-13,1923
VIB,2018-07-02,2026-03-13,1916
VHM,2018-07-02,2026-03-13,1923
VCB,2018-07-02,2026-03-13,1923
TPB,2018-07-02,2026-03-13,1923
TCB,2018-07-02,2026-03-13,1923
STB,2018-07-02,2026-03-13,1923
SSI,2018-07-02,2026-03-13,1923
SHB,2018-07-02,2026-03-13,1920
SAB,2018-07-02,2026-03-13,1923
POW,2018-07-02,2026-03-13,1914
PNJ,2018-07-02,2026-03-13,1923
PLX,2018-07-02,2026-03-13,1923
MWG,2018-07-02,2026-03-13,1923
MSN,2018-07-02,2026-03-13,1923
MBB,2018-07-02,2026-03-13,1923
LPB,2018-07-02,2026-03-13,1913
HSG,2018-07-02,2026-03-13,1923
HPG,2018-07-02,2026-03-13,1923
HDB,2018-07-02,2026-03-13,1923
GVR,2018-07-02,2026-03-13,1917
GAS,2018-07-02,2026-03-13,1923
FPT,2018-07-02,2026-03-13,1923
DGC,2018-07-02,2026-03-13,1917
CTG,2018-07-02,2026-03-13,1923
BVH,2018-07-02,2026-03-13,1923
BID,2018-07-02,2026-03-13,1923
VPB,2018-07-02,2026-03-13,1923
VRE,2018-07-02,2026-03-13,1923
