date,symbol,open,high,low,close,volume
2017-08-15,VCB,15.55,15.59,15.43,15.43,466800
2017-08-16,VCB,15.43,15.53,15.41,15.51,388380
2017-08-17,VCB,15.51,15.53,15.37,15.43,521370
2017-08-18,VCB,15.43,15.63,15.37,15.51,720950
2017-08-21,VCB,15.51,15.55,15.43,15.47,257280
2017-08-22,VCB,15.51,15.51,15.26,15.26,547530
2017-08-23,VCB,15.3,15.34,15.18,15.3,551970
2017-08-24,VCB,15.37,15.49,15.26,15.32,326460
2017-08-25,VCB,15.32,15.47,15.32,15.37,222240
2017-08-28,VCB,15.37,15.49,15.34,15.49,664630
2017-08-29,VCB,15.49,15.51,15.3,15.3,691290
2017-08-30,VCB,15.3,15.43,15.26,15.3,697600
2017-08-31,VCB,15.26,15.49,15.24,15.34,697650
2017-09-01,VCB,15.47,15.51,15.34,15.49,655740
2017-09-05,VCB,15.47,15.84,15.37,15.78,1658120
2017-09-06,VCB,15.72,15.78,15.61,15.72,589690
2017-09-07,VCB,15.72,15.72,15.59,15.59,558020
2017-09-08,VCB,15.72,15.76,15.57,15.59,753240
2017-09-11,VCB,15.63,16.09,15.59,15.59,1858420
2017-09-12,VCB,15.59,15.76,15.57,15.74,1335940
2017-09-13,VCB,15.88,15.88,15.68,15.74,774520
2017-09-14,VCB,15.8,15.92,15.68,15.84,2432090
2017-09-15,VCB,15.84,15.88,15.68,15.72,2799180
2017-09-18,VCB,15.72,15.8,15.55,15.55,2916990
2017-09-19,VCB,15.49,15.63,15.43,15.47,2466890
2017-09-20,VCB,15.49,15.8,15.49,15.63,2168280
2017-09-21,VCB,15.63,15.78,15.61,15.65,1215880
2017-09-22,VCB,15.65,15.68,15.55,15.57,1052820
2017-09-25,VCB,15.57,15.61,15.49,15.51,1065690
2017-09-26,VCB,15.51,15.59,15.43,15.57,871840
2017-09-27,VCB,15.68,15.72,15.53,15.59,1377060
2017-09-28,VCB,15.72,15.82,15.68,15.74,1573710
2017-09-29,VCB,15.74,15.95,15.72,15.89,2122200
2017-10-02,VCB,15.97,16.1,15.82,15.91,1205110
2017-10-03,VCB,15.97,16.01,15.85,15.89,1417210
2017-10-04,VCB,15.85,16.48,15.85,16.4,4836990
2017-10-05,VCB,16.56,16.9,16.35,16.35,5672370
2017-10-06,VCB,16.35,16.54,16.33,16.5,2322970
2017-10-09,VCB,16.63,16.75,16.54,16.65,2500440
2017-10-10,VCB,16.65,16.86,16.56,16.75,2583380
2017-10-11,VCB,16.82,16.86,16.5,16.63,2835470
2017-10-12,VCB,16.63,16.67,16.5,16.5,1767480
2017-10-13,VCB,16.48,16.65,16.48,16.63,1784200
2017-10-16,VCB,16.67,16.69,16.46,16.5,1542490
2017-10-17,VCB,16.5,17.32,16.48,17.32,3062770
2017-10-18,VCB,17.28,17.49,17.13,17.2,3053330
2017-10-19,VCB,17.2,17.28,17.03,17.11,1482080
2017-10-20,VCB,17.13,17.45,17.09,17.24,2072400
2017-10-23,VCB,17.26,17.47,16.82,16.86,3568930
2017-10-24,VCB,16.84,17.03,16.69,16.9,1212060
2017-10-25,VCB,16.9,17.24,16.9,17.22,1385130
2017-10-26,VCB,17.22,17.43,16.99,17.16,1922030
2017-10-27,VCB,17.16,17.75,17.09,17.75,2347090
2017-10-30,VCB,17.87,18.15,17.54,17.71,3808170
2017-10-31,VCB,17.71,17.79,17.49,17.49,1322440
2017-11-01,VCB,17.58,17.68,17.47,17.58,2149100
2017-11-02,VCB,17.58,18.13,17.37,17.37,2341010
2017-11-03,VCB,17.49,17.71,17.24,17.71,1399850
2017-11-06,VCB,17.75,18.13,17.66,17.96,2460760
2017-11-07,VCB,17.96,18.11,17.75,17.94,1712940
2017-11-08,VCB,17.94,18.59,17.83,18.42,2695690
2017-11-09,VCB,18.51,18.59,18.21,18.21,1899000
2017-11-10,VCB,18.17,18.44,18.09,18.21,2187370
2017-11-13,VCB,18.38,18.47,18.17,18.34,2104320
2017-11-14,VCB,18.38,18.76,18.32,18.51,3008230
2017-11-15,VCB,18.51,18.68,18.42,18.42,1304050
2017-11-16,VCB,18.49,18.95,18.42,18.89,2077060
2017-11-17,VCB,18.93,19.08,18.74,18.76,2063770
2017-11-20,VCB,18.76,19.02,18.74,19.02,1783000
2017-11-21,VCB,19.14,20.16,19.1,19.73,3799100
2017-11-22,VCB,19.73,20.32,19.73,20.28,3116060
2017-11-23,VCB,20.58,20.66,19.8,20.24,2666680
2017-11-24,VCB,20.07,20.16,19.86,20.03,1363450
2017-11-27,VCB,20.07,20.37,19.78,20.24,2242960
2017-11-28,VCB,20.32,20.45,20.07,20.37,1712500
2017-11-29,VCB,20.28,20.71,20.28,20.71,1440140
2017-11-30,VCB,20.62,21.13,20.49,20.49,1997210
2017-12-01,VCB,20.54,20.66,20.28,20.41,2085760
2017-12-04,VCB,20.49,20.87,20.41,20.87,1939700
2017-12-05,VCB,20.71,21.13,20.32,20.32,1975550
2017-12-06,VCB,20.28,20.41,19.9,20.28,2102030
2017-12-07,VCB,20.28,20.28,19.73,20.11,2737090
2017-12-08,VCB,20.11,20.11,19.65,19.88,1517040
2017-12-11,VCB,19.44,19.82,18.85,18.85,1447900
2017-12-12,VCB,19.14,19.18,17.58,18.89,2440280
2017-12-13,VCB,19.02,19.06,18.47,18.59,1177420
2017-12-14,VCB,18.59,19.23,18.55,19.14,2166840
2017-12-15,VCB,19.14,19.65,19.1,19.44,2574240
2017-12-18,VCB,19.86,20.37,19.69,20.2,2349430
2017-12-19,VCB,20.24,20.47,20.01,20.18,1958480
2017-12-20,VCB,20.18,20.85,20.03,20.71,2587600
2017-12-21,VCB,20.71,20.79,20.49,20.49,1547200
2017-12-22,VCB,20.37,21.47,20.3,21.47,4459390
2017-12-25,VCB,21.55,21.85,21.47,21.72,1491740
2017-12-26,VCB,21.76,21.85,21.34,21.72,1701570
2017-12-27,VCB,21.72,22.31,21.59,22.18,2214360
2017-12-28,VCB,22.18,23.2,22.18,22.86,2321870
2017-12-29,VCB,22.82,23.24,22.78,22.94,2753570
2018-01-02,VCB,22.82,23.41,22.65,23.24,2801720
2018-01-03,VCB,23.45,23.54,23.03,23.2,1843870
2018-01-04,VCB,23.07,23.41,22.94,23.41,1990040
2018-01-05,VCB,23.28,23.28,22.78,22.82,2045200
2018-01-08,VCB,22.82,23.45,22.4,23.41,2071140
2018-01-09,VCB,23.66,24.72,23.03,24.72,2853160
2018-01-10,VCB,24.64,25.02,24.21,24.51,2842830
2018-01-11,VCB,24.3,24.85,24.17,24.85,1766240
2018-01-12,VCB,24.85,25.1,24.51,24.51,2525840
2018-01-15,VCB,24.51,25.35,24.09,25.35,2061850
2018-01-16,VCB,25.06,25.48,24.85,25.35,2218380
2018-01-17,VCB,25.27,25.31,23.75,23.75,2077670
2018-01-18,VCB,23.66,24.72,23.62,24.72,2845720
2018-01-19,VCB,24.76,25.94,24.64,25.78,2998270
2018-01-22,VCB,26.2,26.79,26.07,26.75,2300660
2018-01-23,VCB,26.75,26.75,26.75,26.75,0
2018-01-24,VCB,26.75,26.75,26.75,26.75,0
2018-01-25,VCB,27.68,28.61,26.96,28.61,4788340
2018-01-26,VCB,29.33,29.58,28.1,29.2,2617800
2018-01-29,VCB,29.58,30.21,28.65,28.73,2281360
2018-01-30,VCB,28.1,28.65,27.97,28.31,2818520
2018-01-31,VCB,28.31,29.11,27.97,28.14,1936300
2018-02-01,VCB,28.06,28.65,27.8,28.14,2166810
2018-02-02,VCB,28.52,28.52,28.14,28.48,1652660
2018-02-05,VCB,27.89,28.31,26.49,26.49,2687810
2018-02-06,VCB,24.68,26.62,24.68,26.2,6724710
2018-02-07,VCB,27.47,27.55,26.54,26.83,1635780
2018-02-08,VCB,26.45,26.83,25.99,26.58,855160
2018-02-09,VCB,24.72,26.33,24.72,25.73,2408810
2018-02-12,VCB,26.2,26.83,25.65,26.83,1847850
2018-02-13,VCB,27.17,27.42,26.87,27.04,1527780
2018-02-21,VCB,27.47,28.69,27.25,27.97,2132410
2018-02-22,VCB,27.72,28.48,27.64,28.23,2352100
2018-02-23,VCB,28.31,30.17,28.18,30.17,4825770
2018-02-26,VCB,31.4,31.4,30.17,30.38,3453290
2018-02-27,VCB,30.8,31.06,30.3,30.93,2249770
2018-02-28,VCB,30.47,31.69,30.42,31.18,3475320
2018-03-01,VCB,30.68,31.52,30.0,30.21,3615670
2018-03-02,VCB,29.58,30.42,29.58,30.34,2525210
2018-03-05,VCB,30.42,30.64,28.73,28.73,2914810
2018-03-06,VCB,29.16,30.21,28.61,30.09,3103920
2018-03-07,VCB,30.21,30.38,28.95,29.41,2277620
2018-03-08,VCB,29.41,29.75,29.07,29.37,1554260
2018-03-09,VCB,29.79,30.21,29.41,30.0,3236520
2018-03-12,VCB,30.42,31.02,30.21,30.42,2899140
2018-03-13,VCB,30.42,30.68,29.83,30.42,2146470
2018-03-14,VCB,30.68,31.4,30.68,31.18,4053460
2018-03-15,VCB,30.85,31.48,30.76,31.18,2111990
2018-03-16,VCB,31.48,31.82,31.31,31.56,5327050
2018-03-19,VCB,31.95,32.33,30.85,31.4,2803610
2018-03-20,VCB,30.97,31.65,30.97,31.27,1836040
2018-03-21,VCB,31.48,31.78,31.06,31.06,2952180
2018-03-22,VCB,31.27,31.27,30.42,30.42,3871380
2018-03-23,VCB,28.95,29.87,28.95,29.54,4563730
2018-03-26,VCB,29.58,30.38,29.41,30.38,1821910
2018-03-27,VCB,30.76,30.8,29.83,30.0,2322350
2018-03-28,VCB,29.54,30.13,29.49,29.79,1643300
2018-03-29,VCB,29.92,30.25,29.62,30.0,1457380
2018-03-30,VCB,30.0,30.17,29.66,29.79,1280140
2018-04-02,VCB,30.0,31.27,29.92,31.27,3055600
2018-04-03,VCB,31.27,31.82,31.06,31.4,3500060
2018-04-04,VCB,31.48,31.61,31.06,31.06,2089100
2018-04-05,VCB,31.18,31.27,30.68,31.06,1763710
2018-04-06,VCB,31.1,31.61,31.02,31.06,2346040
2018-04-09,VCB,31.06,31.4,31.06,31.18,2693260
2018-04-10,VCB,31.48,31.82,31.1,31.48,5026810
2018-04-11,VCB,31.56,31.61,29.58,30.09,3911130
2018-04-12,VCB,29.96,30.21,29.58,29.96,3262970
2018-04-13,VCB,30.13,30.17,28.52,28.69,5148440
2018-04-16,VCB,28.4,28.56,27.51,27.85,3992890
2018-04-17,VCB,27.89,28.31,27.68,28.31,2104840
2018-04-18,VCB,28.65,28.65,27.38,27.38,2005410
2018-04-19,VCB,27.21,27.25,25.78,25.78,4909820
2018-04-20,VCB,25.86,27.04,25.65,27.04,2996320
2018-04-23,VCB,27.25,27.38,25.18,25.18,2876760
2018-04-24,VCB,24.93,25.65,24.51,25.35,4451970
2018-04-26,VCB,25.35,25.9,24.51,24.59,4669710
2018-04-27,VCB,24.59,25.44,24.55,25.35,2940100
2018-05-02,VCB,25.61,25.78,24.42,24.59,2862030
2018-05-03,VCB,24.59,25.23,24.04,25.18,3451890
2018-05-04,VCB,25.44,25.65,24.89,24.93,3234250
2018-05-07,VCB,25.27,26.24,25.06,26.24,3511210
2018-05-08,VCB,25.9,26.28,25.78,25.78,2947160
2018-05-09,VCB,25.65,25.78,25.14,25.14,2787480
2018-05-10,VCB,25.31,25.44,23.49,23.87,4433980
2018-05-11,VCB,23.87,24.51,23.03,24.47,3954360
2018-05-14,VCB,24.59,24.72,24.04,24.64,1522180
2018-05-15,VCB,24.64,25.27,24.59,24.8,2498910
2018-05-16,VCB,24.72,24.89,24.09,24.09,2368960
2018-05-17,VCB,24.09,24.25,23.75,24.0,2079780
2018-05-18,VCB,24.04,24.13,23.16,23.87,2437850
2018-05-21,VCB,23.87,24.25,23.54,23.54,1835620
2018-05-22,VCB,23.2,23.45,21.97,22.56,3235250
2018-05-23,VCB,22.4,23.03,21.97,23.03,2045320
2018-05-24,VCB,23.03,23.16,22.4,22.52,1312180
2018-05-25,VCB,22.56,22.69,21.13,21.13,2718610
2018-05-28,VCB,20.71,20.96,19.78,19.78,4579370
2018-05-29,VCB,20.07,21.13,19.78,21.13,2610350
2018-05-30,VCB,21.55,22.31,21.34,21.97,4432950
2018-05-31,VCB,21.76,23.03,21.72,22.86,3736400
2018-06-01,VCB,22.86,24.3,22.78,24.09,5930650
2018-06-04,VCB,23.87,25.18,23.66,25.06,3837380
2018-06-05,VCB,24.76,25.18,24.38,24.76,3532580
2018-06-06,VCB,24.55,25.23,24.34,24.97,2183260
2018-06-07,VCB,24.93,25.06,24.68,24.8,2538580
2018-06-08,VCB,24.64,25.52,24.64,25.23,2693680
2018-06-11,VCB,25.1,25.48,24.72,24.93,2453150
2018-06-12,VCB,24.72,24.93,23.87,24.51,3024500
2018-06-13,VCB,24.34,25.31,24.34,25.31,2054850
2018-06-14,VCB,25.31,25.31,24.51,24.55,2814340
2018-06-15,VCB,24.3,24.93,24.25,24.93,2557670
2018-06-18,VCB,24.89,24.93,23.66,23.87,2461860
2018-06-19,VCB,23.03,23.87,22.82,23.87,5149160
2018-06-20,VCB,24.09,24.8,23.75,24.55,2767440
2018-06-21,VCB,24.51,24.59,23.83,24.09,1637920
2018-06-22,VCB,23.71,24.8,23.45,24.8,2529630
2018-06-25,VCB,25.35,25.44,24.89,25.1,2415610
2018-06-26,VCB,24.72,25.1,24.51,25.06,1346430
2018-06-27,VCB,24.93,25.56,24.51,24.51,2602270
2018-06-28,VCB,24.09,24.8,24.09,24.47,2114670
2018-06-29,VCB,24.47,24.8,24.0,24.51,1439520
2018-07-02,VCB,24.3,24.68,23.41,24.55,2846420
2018-07-03,VCB,24.64,24.64,23.66,23.66,3355250
2018-07-04,VCB,23.75,23.87,23.11,23.49,2452480
2018-07-05,VCB,23.41,23.49,21.97,21.97,2865870
2018-07-06,VCB,21.59,23.41,21.34,23.24,3443450
2018-07-09,VCB,23.24,23.83,22.82,22.82,1434270
2018-07-10,VCB,23.45,23.45,22.44,22.44,1360490
2018-07-11,VCB,21.93,22.18,21.17,21.63,3312190
2018-07-12,VCB,21.63,22.65,21.34,22.14,1422890
2018-07-13,VCB,22.52,23.2,21.97,23.16,1709410
2018-07-16,VCB,23.24,23.45,22.94,23.2,1302130
2018-07-17,VCB,22.82,23.58,22.82,23.58,1594780
2018-07-18,VCB,23.58,24.3,23.58,24.3,2473610
2018-07-19,VCB,24.38,24.42,23.96,24.0,1704000
2018-07-20,VCB,23.87,24.17,23.28,24.0,2204900
2018-07-23,VCB,24.0,24.68,23.87,23.92,2618240
2018-07-24,VCB,24.09,24.25,23.66,24.09,1683260
2018-07-25,VCB,24.21,24.25,23.37,23.37,1257900
2018-07-26,VCB,23.41,23.96,23.03,23.96,2107890
2018-07-27,VCB,23.96,24.21,23.75,23.87,979280
2018-07-30,VCB,24.09,24.25,23.87,24.21,1288790
2018-07-31,VCB,24.13,25.06,24.0,24.72,3438180
2018-08-01,VCB,24.97,25.02,24.68,24.76,1902040
2018-08-02,VCB,24.59,24.93,24.38,24.93,1855340
2018-08-03,VCB,25.14,25.23,24.55,24.72,1770230
2018-08-06,VCB,24.59,25.18,24.59,24.93,1782410
2018-08-07,VCB,24.85,26.16,24.76,25.99,5488590
2018-08-08,VCB,26.03,26.37,25.78,26.24,2193510
2018-08-09,VCB,26.24,26.49,25.9,25.9,2508810
2018-08-10,VCB,25.78,26.83,25.78,26.83,3849630
2018-08-13,VCB,26.62,26.96,26.28,26.96,2397270
2018-08-14,VCB,26.96,26.96,26.49,26.54,1274800
2018-08-15,VCB,26.71,26.79,25.56,25.61,3238040
2018-08-16,VCB,25.35,25.78,24.89,25.61,3426320
2018-08-17,VCB,25.82,26.58,25.69,26.2,2711770
2018-08-20,VCB,26.2,26.41,25.94,25.94,1601770
2018-08-21,VCB,25.78,26.49,25.78,26.49,1724610
2018-08-22,VCB,26.54,26.62,26.16,26.16,1490660
2018-08-23,VCB,26.2,26.54,26.03,26.45,1301270
2018-08-24,VCB,26.45,26.45,26.11,26.2,1779380
2018-08-27,VCB,26.41,26.83,26.37,26.66,1805900
2018-08-28,VCB,26.83,27.17,26.58,27.04,2588320
2018-08-29,VCB,27.0,27.09,26.66,26.66,1117930
2018-08-30,VCB,26.66,27.13,26.37,26.96,1336350
2018-08-31,VCB,26.96,27.04,26.2,26.41,1949400
2018-09-04,VCB,26.41,26.45,25.73,25.78,2050280
2018-09-05,VCB,25.78,26.11,25.48,25.61,1766180
2018-09-06,VCB,25.61,25.78,25.44,25.48,796450
2018-09-07,VCB,25.4,26.28,25.4,26.2,1595530
2018-09-10,VCB,26.2,26.45,25.82,26.2,1505560
2018-09-11,VCB,25.99,26.66,25.99,26.62,1543540
2018-09-12,VCB,26.71,26.87,26.41,26.45,1590110
2018-09-13,VCB,26.54,26.79,26.45,26.58,1069800
2018-09-14,VCB,26.71,27.21,26.71,27.04,2405940
2018-09-17,VCB,27.04,27.04,26.58,26.58,1007490
2018-09-18,VCB,26.41,26.75,26.33,26.75,1077110
2018-09-19,VCB,26.92,26.92,26.66,26.75,1075000
2018-09-20,VCB,26.75,27.3,26.75,27.21,1709890
2018-09-21,VCB,27.47,27.76,27.04,27.3,4889170
2018-09-24,VCB,27.68,27.76,27.38,27.55,1094970
2018-09-25,VCB,27.38,27.55,27.21,27.21,1031520
2018-09-26,VCB,27.21,27.42,26.96,26.96,2099660
2018-09-27,VCB,26.96,27.13,26.71,26.79,2121040
2018-09-28,VCB,26.92,27.04,26.62,26.62,2104400
2018-10-01,VCB,26.83,26.83,26.41,26.41,1932610
2018-10-02,VCB,26.41,26.66,26.28,26.62,1601040
2018-10-03,VCB,26.79,26.83,26.41,26.62,1034920
2018-10-04,VCB,26.62,27.04,26.54,26.62,2298750
2018-10-05,VCB,26.75,26.96,26.58,26.58,1633520
2018-10-08,VCB,26.54,26.71,26.36,26.36,1347760
2018-10-09,VCB,26.45,26.62,26.36,26.41,868060
2018-10-10,VCB,26.49,26.54,26.28,26.41,781330
2018-10-11,VCB,25.68,25.68,24.61,24.7,3432840
2018-10-12,VCB,24.4,25.64,24.4,25.64,2266290
2018-10-15,VCB,25.59,25.68,25.12,25.29,1155630
2018-10-16,VCB,25.25,25.51,25.21,25.34,1079700
2018-10-17,VCB,25.64,25.64,25.29,25.34,1293490
2018-10-18,VCB,25.25,25.34,24.78,24.82,1605080
2018-10-19,VCB,24.4,25.08,24.4,24.7,1188910
2018-10-22,VCB,25.04,25.17,24.44,24.44,1204690
2018-10-23,VCB,24.4,24.52,23.11,23.88,2346810
2018-10-24,VCB,23.88,24.22,23.75,23.75,1474260
2018-10-25,VCB,22.68,23.63,22.68,23.45,1744120
2018-10-26,VCB,23.92,23.92,22.9,22.9,1220360
2018-10-29,VCB,22.81,23.07,22.47,22.64,1261730
2018-10-30,VCB,22.64,23.24,22.56,23.2,1337430
2018-10-31,VCB,23.2,24.27,23.2,23.8,1245750
2018-11-01,VCB,23.88,23.92,23.45,23.54,1221200
2018-11-02,VCB,23.54,24.1,23.54,24.05,1136910
2018-11-05,VCB,23.92,24.18,23.8,24.18,873020
2018-11-06,VCB,24.4,24.4,23.88,23.88,667710
2018-11-07,VCB,23.88,24.05,23.58,23.75,668290
2018-11-08,VCB,24.27,24.31,23.84,23.84,575720
2018-11-09,VCB,23.63,23.84,23.24,23.24,885690
2018-11-12,VCB,23.11,23.37,22.6,23.37,687980
2018-11-13,VCB,22.81,23.24,22.81,22.94,601520
2018-11-14,VCB,22.94,23.24,22.6,22.77,530120
2018-11-15,VCB,22.77,22.94,22.47,22.85,828510
2018-11-16,VCB,23.11,23.15,22.73,22.77,1227840
2018-11-19,VCB,23.11,23.11,22.77,23.11,1145500
2018-11-20,VCB,23.11,23.11,22.81,23.03,1086240
2018-11-21,VCB,22.73,23.71,22.68,23.71,1908000
2018-11-22,VCB,23.54,23.75,23.41,23.45,961120
2018-11-23,VCB,23.41,23.54,23.11,23.11,897050
2018-11-26,VCB,23.11,23.24,22.98,23.11,673900
2018-11-27,VCB,23.28,23.41,22.77,22.85,1284900
2018-11-28,VCB,22.85,23.58,22.85,23.58,1483680
2018-11-29,VCB,23.8,24.14,23.54,23.54,2360280
2018-11-30,VCB,23.5,23.97,23.45,23.71,1430640
2018-12-03,VCB,24.27,24.82,24.05,24.82,2226730
2018-12-04,VCB,24.74,24.95,24.44,24.65,1367410
2018-12-05,VCB,24.4,24.91,24.18,24.74,2014850
2018-12-06,VCB,24.57,24.82,24.27,24.35,2258320
2018-12-07,VCB,24.57,24.7,24.44,24.48,835390
2018-12-10,VCB,24.48,24.57,24.22,24.35,1050910
2018-12-11,VCB,24.35,24.48,24.05,24.31,1119050
2018-12-12,VCB,24.52,24.82,24.31,24.82,1466430
2018-12-13,VCB,24.95,24.99,24.65,24.65,851900
2018-12-14,VCB,24.61,24.65,24.18,24.18,880580
2018-12-17,VCB,23.97,24.14,23.45,23.45,1787440
2018-12-18,VCB,23.15,23.75,23.15,23.58,1459730
2018-12-19,VCB,23.58,23.71,23.15,23.28,1131780
2018-12-20,VCB,23.24,23.63,23.24,23.37,877260
2018-12-21,VCB,23.33,23.33,23.03,23.33,1690120
2018-12-24,VCB,23.33,23.5,22.73,22.73,864160
2018-12-25,VCB,22.26,22.68,21.83,22.56,1964060
2018-12-26,VCB,22.51,22.9,22.51,22.6,782180
2018-12-27,VCB,23.11,23.24,22.9,22.9,571770
2018-12-28,VCB,23.03,23.33,22.81,22.9,781690
2019-01-02,VCB,23.07,23.24,22.9,22.94,1081640
2019-01-03,VCB,23.11,23.15,22.56,22.94,1071350
2019-01-04,VCB,22.81,23.28,22.51,23.28,1307310
2019-01-07,VCB,23.67,23.75,23.33,23.37,1175810
2019-01-08,VCB,23.54,23.63,23.33,23.54,1318810
2019-01-09,VCB,23.75,24.01,23.45,23.88,1136370
2019-01-10,VCB,23.88,23.88,23.54,23.54,794870
2019-01-11,VCB,23.63,23.75,23.5,23.63,1115410
2019-01-14,VCB,23.63,23.75,23.5,23.67,759980
2019-01-15,VCB,23.67,24.01,23.63,23.92,1071080
2019-01-16,VCB,24.1,24.1,23.54,23.71,706160
2019-01-17,VCB,23.67,23.84,23.58,23.63,460060
2019-01-18,VCB,23.63,23.71,23.45,23.45,542400
2019-01-21,VCB,23.37,24.05,23.33,23.88,870530
2019-01-22,VCB,23.97,23.97,23.63,23.63,398340
2019-01-23,VCB,23.5,23.75,23.5,23.71,514720
2019-01-24,VCB,23.71,23.8,23.54,23.71,463870
2019-01-25,VCB,23.75,24.01,23.71,23.88,1008850
2019-01-28,VCB,23.97,23.97,23.75,23.75,336990
2019-01-29,VCB,23.75,24.27,23.63,24.27,973050
2019-01-30,VCB,24.27,24.48,24.27,24.27,1152720
2019-01-31,VCB,24.31,24.57,24.31,24.31,1147760
2019-02-01,VCB,24.4,24.57,24.18,24.18,827040
2019-02-11,VCB,24.4,24.91,24.31,24.87,1395030
2019-02-12,VCB,24.87,25.25,24.74,25.08,1683680
2019-02-13,VCB,25.08,25.64,25.08,25.59,1853680
2019-02-14,VCB,25.59,25.81,25.51,25.77,1629070
2019-02-15,VCB,25.68,25.68,25.34,25.38,1249180
2019-02-18,VCB,25.47,25.68,25.47,25.68,1027840
2019-02-19,VCB,25.68,25.77,25.25,25.25,1304520
2019-02-20,VCB,25.38,25.51,25.21,25.29,818480
2019-02-21,VCB,25.47,25.72,25.29,25.72,2044240
2019-02-22,VCB,25.77,26.71,25.68,26.54,2502840
2019-02-25,VCB,26.75,27.35,26.66,27.13,2079790
2019-02-26,VCB,27.13,27.18,26.49,26.96,1976570
2019-02-27,VCB,26.88,26.96,26.36,26.49,1148480
2019-02-28,VCB,26.49,26.75,25.89,25.89,2027080
2019-03-01,VCB,26.11,26.62,26.02,26.62,713500
2019-03-04,VCB,26.62,26.96,26.62,26.88,1347480
2019-03-05,VCB,26.88,27.31,26.75,26.96,1576750
2019-03-06,VCB,27.01,27.09,26.49,26.84,1081870
2019-03-07,VCB,26.84,27.31,26.79,27.01,1897450
2019-03-08,VCB,26.71,26.96,26.58,26.88,997370
2019-03-11,VCB,26.71,26.84,26.49,26.79,1020600
2019-03-12,VCB,26.96,27.73,26.84,27.73,2194380
2019-03-13,VCB,27.82,27.91,27.61,27.91,1680350
2019-03-14,VCB,27.91,28.68,27.61,28.63,2115850
2019-03-15,VCB,28.76,28.76,28.25,28.25,2616060
2019-03-18,VCB,28.46,29.02,28.46,28.93,1936700
2019-03-19,VCB,28.93,28.93,28.55,28.59,1390640
2019-03-20,VCB,28.55,28.76,28.33,28.55,2441040
2019-03-21,VCB,28.63,29.06,28.46,28.5,1525770
2019-03-22,VCB,28.59,28.68,28.46,28.63,1375420
2019-03-25,VCB,27.82,28.25,27.39,28.03,1635900
2019-03-26,VCB,28.29,28.46,28.03,28.03,1127550
2019-03-27,VCB,28.2,28.2,27.69,28.03,538180
2019-03-28,VCB,28.12,28.55,27.99,28.55,742470
2019-03-29,VCB,28.68,28.89,28.59,28.8,678050
2019-04-01,VCB,29.06,29.06,28.93,29.02,684060
2019-04-02,VCB,29.1,29.32,28.89,28.89,556970
2019-04-03,VCB,28.89,28.93,28.46,28.76,445650
2019-04-04,VCB,28.76,29.06,28.59,28.98,948960
2019-04-05,VCB,29.02,29.19,29.02,29.15,477530
2019-04-08,VCB,29.15,29.83,29.06,29.83,1121900
2019-04-09,VCB,29.83,29.96,29.7,29.87,759180
2019-04-10,VCB,29.75,29.75,29.45,29.49,719030
2019-04-11,VCB,29.53,29.53,28.98,29.32,405090
2019-04-12,VCB,29.36,29.36,28.93,29.1,355400
2019-04-16,VCB,29.1,29.1,28.42,28.85,404640
2019-04-17,VCB,29.06,29.19,28.68,29.1,516710
2019-04-18,VCB,28.89,29.4,28.89,29.06,554820
2019-04-19,VCB,29.06,29.32,29.06,29.1,232550
2019-04-22,VCB,28.72,29.15,28.68,29.06,313210
2019-04-23,VCB,29.1,29.1,28.29,28.89,1260620
2019-04-24,VCB,28.89,29.62,28.89,29.32,684540
2019-04-25,VCB,29.32,29.32,28.98,28.98,348700
2019-04-26,VCB,29.02,29.23,28.89,29.06,277260
2019-05-02,VCB,28.93,29.06,28.42,28.63,628430
2019-05-03,VCB,28.59,28.76,28.29,28.55,789780
2019-05-06,VCB,28.33,28.59,28.2,28.38,364560
2019-05-07,VCB,28.38,28.68,27.73,28.08,1103060
2019-05-08,VCB,27.65,28.08,27.65,27.86,947120
2019-05-09,VCB,27.99,28.25,27.86,28.03,659180
2019-05-10,VCB,28.03,28.29,27.91,28.08,554370
2019-05-13,VCB,28.16,28.29,28.08,28.2,475420
2019-05-14,VCB,27.99,28.5,27.99,28.5,628480
2019-05-15,VCB,28.55,28.85,28.46,28.59,734230
2019-05-16,VCB,28.59,28.85,28.59,28.59,412210
2019-05-17,VCB,28.59,28.68,28.5,28.59,449040
2019-05-20,VCB,28.59,29.15,28.55,29.02,607060
2019-05-21,VCB,29.06,29.27,28.98,28.98,473170
2019-05-22,VCB,28.89,29.36,28.68,28.76,662700
2019-05-23,VCB,28.85,29.1,28.72,28.93,378440
2019-05-24,VCB,28.8,29.1,28.29,28.46,931250
2019-05-27,VCB,28.68,29.02,28.46,28.85,341320
2019-05-28,VCB,28.68,29.36,28.59,28.85,664400
2019-05-29,VCB,28.93,29.15,28.76,28.89,313510
2019-05-30,VCB,28.89,29.15,28.8,28.98,320900
2019-05-31,VCB,28.89,29.1,28.59,28.76,712090
2019-06-03,VCB,28.46,28.76,27.39,28.46,593660
2019-06-04,VCB,28.25,28.89,28.2,28.76,387780
2019-06-05,VCB,28.76,28.89,28.55,28.55,269120
2019-06-06,VCB,28.55,28.55,27.82,28.2,394550
2019-06-07,VCB,28.46,28.68,27.91,28.08,490880
2019-06-10,VCB,28.59,28.89,28.25,28.55,585460
2019-06-11,VCB,28.46,28.89,28.46,28.85,280100
2019-06-12,VCB,28.85,28.89,28.63,28.68,212910
2019-06-13,VCB,28.68,28.89,28.42,28.8,546960
2019-06-14,VCB,28.89,29.79,28.8,29.62,2478770
2019-06-17,VCB,29.62,30.09,29.53,29.62,1018520
2019-06-18,VCB,29.53,30.17,29.19,30.09,958120
2019-06-19,VCB,30.13,30.26,29.7,29.87,767310
2019-06-20,VCB,29.83,30.6,29.79,30.6,934290
2019-06-21,VCB,30.39,30.82,30.39,30.39,1785930
2019-06-24,VCB,30.6,31.59,30.39,31.24,1407410
2019-06-25,VCB,31.16,31.16,30.82,30.99,390840
2019-06-26,VCB,30.99,31.03,30.17,30.17,918850
2019-06-27,VCB,30.39,30.39,29.7,29.75,1187150
2019-06-28,VCB,29.79,30.82,29.27,30.17,830140
2019-07-01,VCB,30.39,30.77,30.34,30.52,565640
2019-07-02,VCB,30.6,30.6,30.09,30.17,363020
2019-07-03,VCB,30.17,30.39,29.79,29.79,796720
2019-07-04,VCB,29.96,31.03,29.83,31.03,1125010
2019-07-05,VCB,31.03,31.07,30.82,31.07,425620
2019-07-08,VCB,30.82,30.94,30.39,30.52,723300
2019-07-09,VCB,30.6,30.77,30.22,30.77,668550
2019-07-10,VCB,31.03,31.11,30.77,31.03,639160
2019-07-11,VCB,31.07,31.93,31.07,31.67,1286980
2019-07-12,VCB,31.67,31.89,31.5,31.54,926210
2019-07-15,VCB,31.54,32.1,31.54,32.1,1089930
2019-07-16,VCB,32.31,33.38,32.27,33.04,1901200
2019-07-17,VCB,32.74,33.0,32.44,32.61,802350
2019-07-18,VCB,32.48,33.04,32.36,32.7,858680
2019-07-19,VCB,32.7,34.15,32.7,33.81,1316760
2019-07-22,VCB,33.81,34.03,33.68,33.81,930520
2019-07-23,VCB,33.77,33.94,33.6,33.77,626060
2019-07-24,VCB,34.03,34.03,32.74,32.91,1380620
2019-07-25,VCB,32.91,33.3,32.83,33.25,457360
2019-07-26,VCB,33.25,34.11,33.17,33.6,942260
2019-07-29,VCB,33.6,34.67,33.51,34.67,986830
2019-07-30,VCB,35.1,35.31,34.5,34.5,1133490
2019-07-31,VCB,34.24,34.45,34.07,34.32,512820
2019-08-01,VCB,34.32,34.45,34.11,34.45,538850
2019-08-02,VCB,34.11,34.45,33.85,33.85,680000
2019-08-05,VCB,33.9,34.11,33.0,33.13,857570
2019-08-06,VCB,32.7,32.91,32.44,32.66,1172520
2019-08-07,VCB,32.66,33.55,32.66,33.55,567830
2019-08-08,VCB,33.6,34.15,33.43,33.6,612530
2019-08-09,VCB,33.68,33.98,33.55,33.6,638630
2019-08-12,VCB,33.6,33.73,33.04,33.25,475000
2019-08-13,VCB,33.04,33.17,32.48,32.66,809300
2019-08-14,VCB,33.38,33.38,32.66,32.66,354750
2019-08-15,VCB,31.93,33.81,31.93,33.81,510330
2019-08-16,VCB,33.3,33.64,33.3,33.34,551180
2019-08-19,VCB,33.34,33.6,32.83,32.87,692740
2019-08-20,VCB,33.3,33.3,32.83,32.91,453760
2019-08-21,VCB,32.91,34.37,32.83,34.24,1927720
2019-08-22,VCB,34.32,34.41,34.07,34.24,762090
2019-08-23,VCB,34.24,34.32,33.9,33.9,451500
2019-08-26,VCB,33.47,33.64,33.17,33.3,672220
2019-08-27,VCB,33.47,33.73,32.53,32.74,1116480
2019-08-28,VCB,32.87,33.08,32.87,32.96,588810
2019-08-29,VCB,32.91,33.13,32.74,32.87,422240
2019-08-30,VCB,32.96,33.25,32.96,33.25,280130
2019-09-03,VCB,33.3,33.34,32.83,33.3,580830
2019-09-04,VCB,33.17,33.17,32.91,33.08,527770
2019-09-05,VCB,33.04,33.73,33.04,33.21,408900
2019-09-06,VCB,33.38,33.38,32.96,33.08,287990
2019-09-09,VCB,33.08,33.13,32.96,33.04,236440
2019-09-10,VCB,33.04,33.9,33.0,33.25,651950
2019-09-11,VCB,33.08,33.6,33.08,33.47,141450
2019-09-12,VCB,33.6,34.03,33.6,34.03,800240
2019-09-13,VCB,34.15,35.1,34.15,35.05,1408780
2019-09-16,VCB,35.05,35.39,34.58,34.67,697310
2019-09-17,VCB,34.54,34.8,34.45,34.71,896290
2019-09-18,VCB,34.71,35.31,34.45,34.5,809820
2019-09-19,VCB,34.67,34.97,34.45,34.88,527230
2019-09-20,VCB,34.88,35.44,34.67,34.67,2794080
2019-09-23,VCB,34.92,35.05,33.81,33.81,1187100
2019-09-24,VCB,34.03,34.58,33.77,34.5,791470
2019-09-25,VCB,34.24,34.62,33.98,34.54,729340
2019-09-26,VCB,34.54,34.8,34.37,34.67,1040190
2019-09-27,VCB,34.8,35.57,34.58,35.48,1388490
2019-09-30,VCB,35.48,35.65,35.05,35.14,775770
2019-10-01,VCB,35.14,35.78,35.01,35.69,795100
2019-10-02,VCB,35.69,35.82,34.97,35.1,1224650
2019-10-03,VCB,35.01,35.1,34.5,35.1,1003810
2019-10-04,VCB,35.1,35.74,35.01,35.52,1121700
2019-10-07,VCB,35.95,36.17,35.44,35.44,1134390
2019-10-08,VCB,35.44,36.51,35.44,36.42,1461940
2019-10-09,VCB,36.42,36.68,36.17,36.17,860160
2019-10-10,VCB,36.34,36.46,36.17,36.21,753670
2019-10-11,VCB,36.17,36.55,36.12,36.51,730370
2019-10-14,VCB,36.59,36.81,36.38,36.38,620800
2019-10-15,VCB,36.38,36.55,36.25,36.46,648400
2019-10-16,VCB,36.89,36.94,36.68,36.85,668740
2019-10-17,VCB,36.98,36.98,36.29,36.46,1023870
2019-10-18,VCB,36.59,36.72,36.29,36.38,417240
2019-10-21,VCB,36.34,36.34,35.78,36.04,561470
2019-10-22,VCB,36.04,36.72,36.04,36.55,473090
2019-10-23,VCB,36.59,36.72,36.21,36.51,538120
2019-10-24,VCB,36.51,37.24,36.42,37.19,660180
2019-10-25,VCB,37.19,37.88,37.06,37.66,838210
2019-10-28,VCB,37.66,37.75,37.41,37.41,383850
2019-10-29,VCB,37.41,37.45,36.94,36.98,702620
2019-10-30,VCB,36.85,37.75,36.85,37.58,607710
2019-10-31,VCB,37.71,37.88,37.49,37.53,319340
2019-11-01,VCB,37.53,38.26,37.45,38.01,1071470
2019-11-04,VCB,38.22,39.59,38.22,39.38,1091260
2019-11-05,VCB,39.42,39.59,38.82,38.86,616630
2019-11-06,VCB,38.86,39.5,38.82,38.95,673230
2019-11-07,VCB,38.95,39.33,38.95,39.08,360850
2019-11-08,VCB,39.08,39.33,38.86,39.16,416510
2019-11-11,VCB,39.29,39.29,38.95,39.08,423790
2019-11-12,VCB,39.12,39.42,39.08,39.25,595820
2019-11-13,VCB,39.46,39.46,38.52,38.73,706550
2019-11-14,VCB,38.73,39.12,38.6,38.9,375320
2019-11-15,VCB,38.52,38.95,38.26,38.39,565270
2019-11-18,VCB,38.31,38.48,37.45,37.49,700550
2019-11-19,VCB,37.66,38.95,37.66,38.95,526560
2019-11-20,VCB,38.95,38.95,38.31,38.31,516280
2019-11-21,VCB,38.13,38.39,37.45,37.45,1000670
2019-11-22,VCB,37.49,37.88,36.46,36.59,1346230
2019-11-25,VCB,36.59,36.81,35.35,36.17,1445550
2019-11-26,VCB,36.17,36.72,36.17,36.25,727130
2019-11-27,VCB,36.59,37.24,36.51,36.94,484360
2019-11-28,VCB,36.81,36.94,36.34,36.51,494650
2019-11-29,VCB,36.64,36.72,36.38,36.51,318000
2019-12-02,VCB,36.51,36.68,35.52,35.74,438800
2019-12-03,VCB,35.52,35.99,35.1,35.1,635370
2019-12-04,VCB,35.05,36.29,34.88,36.25,376730
2019-12-05,VCB,36.38,36.68,36.21,36.29,378490
2019-12-06,VCB,36.29,36.46,36.12,36.34,256400
2019-12-09,VCB,36.34,36.68,36.12,36.46,400740
2019-12-10,VCB,36.51,36.76,36.38,36.55,512290
2019-12-11,VCB,36.81,36.81,36.46,36.76,415080
2019-12-12,VCB,36.85,37.66,36.81,37.45,464750
2019-12-13,VCB,37.71,37.88,37.45,37.83,746800
2019-12-16,VCB,37.83,37.83,36.38,36.81,665550
2019-12-17,VCB,36.98,37.24,36.51,36.51,266250
2019-12-18,VCB,36.55,37.11,36.51,37.11,845740
2019-12-19,VCB,37.11,37.75,36.81,37.66,1014960
2019-12-20,VCB,37.66,37.88,37.58,37.79,389360
2019-12-23,VCB,38.05,38.95,38.05,38.9,937250
2019-12-24,VCB,38.86,38.86,38.05,38.52,507600
2019-12-25,VCB,38.52,38.9,38.09,38.48,230880
2019-12-26,VCB,38.73,38.73,38.09,38.26,404110
2019-12-27,VCB,38.22,38.73,37.79,38.73,498870
2019-12-30,VCB,39.08,39.81,38.86,39.29,660140
2019-12-31,VCB,39.12,39.34,38.9,38.95,230770
2020-01-02,VCB,38.95,39.47,38.73,39.21,386290
2020-01-03,VCB,39.51,39.64,38.82,38.82,536130
2020-01-06,VCB,38.52,38.65,37.78,37.78,880110
2020-01-07,VCB,37.57,37.95,36.87,37.91,1013270
2020-01-08,VCB,37.52,37.95,37.22,37.57,722280
2020-01-09,VCB,37.87,38.39,37.87,38.3,722670
2020-01-10,VCB,38.3,39.03,37.95,38.65,1526920
2020-01-13,VCB,38.43,38.77,38.43,38.6,1044640
2020-01-14,VCB,38.65,38.86,38.47,38.6,1001130
2020-01-15,VCB,38.69,38.69,38.34,38.56,1471860
2020-01-16,VCB,38.56,38.99,38.39,38.65,1171580
2020-01-17,VCB,38.65,40.8,38.65,40.8,2219790
2020-01-20,VCB,40.8,40.93,40.37,40.59,832190
2020-01-21,VCB,40.55,40.85,40.42,40.59,749590
2020-01-22,VCB,40.59,41.02,40.2,40.33,877710
2020-01-30,VCB,39.77,39.9,37.57,38.39,3541560
2020-01-31,VCB,38.0,38.77,37.87,38.3,1270160
2020-02-03,VCB,36.31,38.95,35.84,38.3,1457070
2020-02-04,VCB,38.43,38.77,37.87,38.77,1118410
2020-02-05,VCB,38.95,39.03,38.34,38.39,731310
2020-02-06,VCB,38.43,39.25,38.34,38.6,889570
2020-02-07,VCB,38.77,39.21,38.43,38.86,1170540
2020-02-10,VCB,38.52,38.65,38.21,38.39,607060
2020-02-11,VCB,38.43,38.65,38.39,38.52,520210
2020-02-12,VCB,38.77,38.77,38.47,38.6,609750
2020-02-13,VCB,38.52,38.65,38.34,38.56,633270
2020-02-14,VCB,38.43,38.77,38.43,38.56,432800
2020-02-17,VCB,38.56,38.82,38.47,38.6,343900
2020-02-18,VCB,38.69,38.69,38.43,38.6,432880
2020-02-19,VCB,38.43,38.65,38.43,38.65,208280
2020-02-20,VCB,38.73,39.03,38.52,38.65,541120
2020-02-21,VCB,38.65,38.65,38.43,38.43,898350
2020-02-24,VCB,37.13,38.0,37.13,37.65,995910
2020-02-25,VCB,37.13,37.57,37.05,37.22,1229530
2020-02-26,VCB,37.13,37.13,36.27,36.7,1163030
2020-02-27,VCB,36.27,36.53,35.8,36.27,1227980
2020-02-28,VCB,34.59,36.01,34.59,35.58,1710080
2020-03-02,VCB,35.19,35.49,35.1,35.32,668980
2020-03-03,VCB,36.05,36.05,35.49,35.49,848270
2020-03-04,VCB,35.41,35.41,34.98,35.28,581530
2020-03-05,VCB,35.49,36.1,35.49,35.88,833710
2020-03-06,VCB,35.84,37.0,35.41,36.49,884750
2020-03-09,VCB,34.11,34.93,33.94,33.94,1209500
2020-03-10,VCB,33.68,34.5,32.56,34.5,1433230
2020-03-11,VCB,34.72,34.72,32.13,33.25,1806190
2020-03-12,VCB,31.09,31.52,30.96,30.96,1582400
2020-03-13,VCB,28.8,31.52,28.8,30.66,1859750
2020-03-16,VCB,30.66,30.66,28.71,28.97,1022550
2020-03-17,VCB,27.46,29.15,27.46,29.15,1364590
2020-03-18,VCB,29.36,30.53,29.36,29.92,1099800
2020-03-19,VCB,29.06,29.66,28.5,28.5,1191150
2020-03-20,VCB,28.5,28.63,26.56,26.56,2763360
2020-03-23,VCB,24.87,25.26,24.7,24.7,1875070
2020-03-24,VCB,24.7,25.22,24.44,25.04,1498070
2020-03-25,VCB,25.91,26.77,25.78,26.77,1835730
2020-03-26,VCB,26.77,27.94,26.56,27.29,1484590
2020-03-27,VCB,27.59,28.46,26.99,27.68,1569620
2020-03-30,VCB,25.95,26.51,25.82,26.34,1637330
2020-03-31,VCB,26.6,27.68,25.91,26.77,957500
2020-04-01,VCB,26.6,28.46,26.56,28.07,1229320
2020-04-03,VCB,28.07,28.63,27.63,28.28,1726690
2020-04-06,VCB,29.15,29.49,28.5,29.36,2111200
2020-04-07,VCB,29.36,29.79,28.84,29.45,1773570
2020-04-08,VCB,28.93,29.45,28.84,29.15,1778380
2020-04-09,VCB,29.36,31.09,29.36,30.66,1795170
2020-04-10,VCB,30.66,31.05,30.05,30.48,1599380
2020-04-13,VCB,30.48,31.0,30.23,30.57,1046830
2020-04-14,VCB,30.44,30.57,29.28,30.18,1944570
2020-04-15,VCB,30.1,30.79,30.1,30.61,1017740
2020-04-16,VCB,30.23,30.74,30.14,30.74,1057050
2020-04-17,VCB,30.87,31.0,30.61,30.83,1473140
2020-04-20,VCB,30.96,31.26,30.57,31.05,1026030
2020-04-21,VCB,30.66,30.87,29.28,30.87,2159110
2020-04-22,VCB,29.79,30.7,29.79,29.92,1612290
2020-04-23,VCB,30.66,30.66,29.71,29.88,1201610
2020-04-24,VCB,29.88,30.05,29.15,29.75,972170
2020-04-27,VCB,30.18,30.18,28.84,28.84,2547060
2020-04-28,VCB,28.84,29.58,28.15,28.93,2052860
2020-04-29,VCB,28.93,29.4,28.93,29.36,1523750
2020-05-04,VCB,29.36,29.4,28.84,29.1,852260
2020-05-05,VCB,29.06,29.23,28.84,28.84,1007640
2020-05-06,VCB,29.06,29.23,28.71,29.19,855770
2020-05-07,VCB,29.28,30.1,29.23,30.1,1936540
2020-05-08,VCB,30.23,32.04,30.14,31.74,3865590
2020-05-11,VCB,31.74,32.17,31.3,32.17,1696160
2020-05-12,VCB,32.21,32.82,32.13,32.64,2199500
2020-05-13,VCB,32.64,33.03,31.09,32.64,1851970
2020-05-14,VCB,32.38,32.99,32.34,32.82,2121750
2020-05-15,VCB,32.99,33.03,32.64,32.82,1596240
2020-05-18,VCB,32.95,34.11,32.73,33.9,1002690
2020-05-19,VCB,34.5,34.59,34.03,34.11,1129270
2020-05-20,VCB,33.85,34.41,33.85,34.37,710200
2020-05-21,VCB,34.54,35.06,34.37,35.06,1425500
2020-05-22,VCB,35.06,35.1,34.54,34.98,805710
2020-05-25,VCB,34.93,35.1,34.89,35.02,708710
2020-05-26,VCB,34.98,35.67,34.98,35.62,740930
2020-05-27,VCB,35.84,36.44,35.8,35.8,817770
2020-05-28,VCB,35.84,36.75,35.84,36.49,1849310
2020-05-29,VCB,36.7,37.13,36.49,36.79,1161180
2020-06-01,VCB,36.92,37.44,36.92,37.35,725310
2020-06-02,VCB,37.52,37.52,37.26,37.39,1009040
2020-06-03,VCB,37.57,37.95,37.52,37.95,462750
2020-06-04,VCB,38.0,38.43,38.0,38.43,450240
2020-06-05,VCB,38.47,38.56,37.57,38.43,810570
2020-06-08,VCB,38.43,38.95,38.17,38.6,802240
2020-06-09,VCB,38.82,38.86,38.6,38.65,417690
2020-06-10,VCB,38.65,38.77,38.56,38.69,793590
2020-06-11,VCB,38.65,38.69,37.57,38.0,1163900
2020-06-12,VCB,35.62,37.35,35.62,36.96,1612920
2020-06-15,VCB,36.96,37.05,35.32,35.41,1218540
2020-06-16,VCB,36.27,36.27,35.58,36.14,802980
2020-06-17,VCB,36.7,36.79,36.18,36.36,737830
2020-06-18,VCB,36.27,37.35,36.23,36.7,1809780
2020-06-19,VCB,36.7,37.13,36.7,36.87,723970
2020-06-22,VCB,36.92,36.96,36.7,36.92,1308600
2020-06-23,VCB,36.92,37.57,36.83,37.13,917230
2020-06-24,VCB,37.13,37.13,36.31,36.57,710160
2020-06-25,VCB,35.71,36.44,35.71,36.14,506650
2020-06-26,VCB,36.31,36.57,35.84,35.97,355930
2020-06-29,VCB,35.97,35.97,35.02,35.19,594140
2020-06-30,VCB,35.62,35.62,34.54,34.67,709990
2020-07-01,VCB,34.67,35.71,34.54,35.71,404440
2020-07-02,VCB,35.93,35.93,34.98,35.67,469040
2020-07-03,VCB,35.62,35.97,35.49,35.84,370340
2020-07-06,VCB,35.84,36.01,35.58,35.8,1218830
2020-07-07,VCB,36.27,36.36,35.97,36.01,1336830
2020-07-08,VCB,35.93,36.01,35.75,35.84,485190
2020-07-09,VCB,36.23,36.23,35.97,36.1,962170
2020-07-10,VCB,36.01,36.1,35.45,35.71,918560
2020-07-13,VCB,36.01,36.05,35.58,35.8,371630
2020-07-14,VCB,35.8,35.84,35.49,35.84,427110
2020-07-15,VCB,35.93,36.18,35.93,36.05,1198530
2020-07-16,VCB,36.18,36.23,35.8,36.05,1091190
2020-07-17,VCB,36.1,36.1,35.75,35.75,628000
2020-07-20,VCB,35.62,35.71,35.28,35.49,696830
2020-07-21,VCB,35.62,35.75,35.28,35.62,681740
2020-07-22,VCB,35.62,35.62,35.49,35.62,625320
2020-07-23,VCB,35.62,35.75,35.45,35.62,1350870
2020-07-24,VCB,35.45,35.54,33.9,34.98,1341540
2020-07-27,VCB,32.82,34.54,32.82,33.25,1274570
2020-07-28,VCB,33.25,34.03,33.03,33.9,910690
2020-07-29,VCB,32.82,33.68,32.43,33.46,833570
2020-07-30,VCB,33.51,33.9,33.38,33.42,937680
2020-07-31,VCB,32.82,33.42,32.82,32.99,672940
2020-08-03,VCB,32.82,34.03,32.82,34.03,422820
2020-08-04,VCB,34.54,35.36,34.28,35.36,616840
2020-08-05,VCB,35.36,35.84,34.72,35.71,778840
2020-08-06,VCB,35.71,35.88,35.36,35.75,802350
2020-08-07,VCB,35.84,35.84,35.58,35.8,518660
2020-08-10,VCB,35.84,35.93,35.36,35.36,576570
2020-08-11,VCB,35.62,35.67,35.32,35.45,312920
2020-08-12,VCB,35.45,35.54,35.36,35.45,310430
2020-08-13,VCB,35.84,35.84,35.41,35.84,385320
2020-08-14,VCB,35.84,35.88,35.36,35.41,820270
2020-08-17,VCB,35.41,35.8,35.28,35.54,389480
2020-08-18,VCB,35.54,35.67,35.28,35.54,331690
2020-08-19,VCB,35.54,35.84,35.41,35.84,586790
2020-08-20,VCB,35.84,36.49,35.84,35.84,1093620
2020-08-21,VCB,35.84,35.93,35.67,35.8,1281740
2020-08-24,VCB,35.84,36.53,35.84,36.23,1530010
2020-08-25,VCB,36.23,36.66,36.23,36.23,1748400
2020-08-26,VCB,36.23,36.23,36.01,36.05,1585740
2020-08-27,VCB,36.05,36.23,35.93,36.05,1003280
2020-08-28,VCB,36.1,36.23,35.97,36.01,1645430
2020-08-31,VCB,36.27,36.49,35.75,35.84,971310
2020-09-01,VCB,35.84,35.97,35.8,35.84,1625600
2020-09-03,VCB,36.14,37.35,36.14,37.22,2503810
2020-09-04,VCB,36.7,37.18,36.62,36.66,2425360
2020-09-07,VCB,36.66,36.75,36.1,36.1,1181750
2020-09-08,VCB,36.1,36.23,35.54,35.62,1985560
2020-09-09,VCB,35.41,35.93,35.19,35.49,1472680
2020-09-10,VCB,35.84,35.97,35.45,35.45,689700
2020-09-11,VCB,35.45,35.67,35.32,35.54,665690
2020-09-14,VCB,35.75,35.88,35.71,35.84,594680
2020-09-15,VCB,35.84,36.05,35.62,35.62,998970
2020-09-16,VCB,35.67,35.88,35.41,35.8,628030
2020-09-17,VCB,35.62,35.84,35.41,35.62,1043250
2020-09-18,VCB,35.58,35.84,35.58,35.8,1188400
2020-09-21,VCB,35.88,36.1,35.84,35.84,1671360
2020-09-22,VCB,35.84,36.44,35.75,36.27,1746960
2020-09-23,VCB,36.36,36.92,36.36,36.87,1395190
2020-09-24,VCB,36.31,37.22,36.31,37.18,1628730
2020-09-25,VCB,37.18,37.22,36.92,37.13,1107270
2020-09-28,VCB,37.05,37.22,36.87,37.13,1254760
2020-09-29,VCB,37.13,37.18,36.18,36.53,1609090
2020-09-30,VCB,36.7,36.7,36.18,36.31,584450
2020-10-01,VCB,36.75,36.75,36.36,36.62,367030
2020-10-02,VCB,36.62,36.7,34.54,36.27,890840
2020-10-05,VCB,36.49,36.7,36.01,36.05,811740
2020-10-06,VCB,36.18,36.44,35.93,36.23,1105060
2020-10-07,VCB,36.1,36.79,35.88,36.7,988270
2020-10-08,VCB,36.92,36.92,36.18,36.62,549140
2020-10-09,VCB,36.49,36.7,36.49,36.62,366200
2020-10-12,VCB,37.13,37.57,36.62,37.09,1574610
2020-10-13,VCB,37.13,37.52,36.92,37.35,814530
2020-10-14,VCB,37.48,38.43,37.44,38.08,1206380
2020-10-15,VCB,38.08,38.26,37.48,38.26,1424740
2020-10-16,VCB,38.21,38.26,37.78,38.08,668850
2020-10-19,VCB,38.0,38.13,37.78,37.78,1052250
2020-10-20,VCB,37.57,37.91,37.52,37.87,1075780
2020-10-21,VCB,37.91,38.26,37.09,37.22,1452050
2020-10-22,VCB,37.18,37.39,36.75,37.39,1320610
2020-10-23,VCB,37.52,37.78,37.44,37.78,657830
2020-10-26,VCB,37.78,37.91,37.13,37.13,911390
2020-10-27,VCB,37.13,37.7,36.92,37.13,1169320
2020-10-28,VCB,37.13,37.35,36.05,36.36,866330
2020-10-29,VCB,36.44,36.62,36.05,36.1,764720
2020-10-30,VCB,36.14,36.44,35.75,35.84,1090610
2020-11-02,VCB,35.84,37.05,35.84,37.05,366300
2020-11-03,VCB,37.05,37.09,36.57,36.7,308550
2020-11-04,VCB,36.7,36.92,36.4,36.7,394660
2020-11-05,VCB,36.92,36.92,36.62,36.7,507960
2020-11-06,VCB,36.75,36.75,36.27,36.7,323160
2020-11-09,VCB,36.7,37.05,36.62,36.92,1007000
2020-11-10,VCB,37.18,37.7,36.75,36.75,1511520
2020-11-11,VCB,36.92,37.39,36.66,36.66,1032520
2020-11-12,VCB,37.0,37.35,36.96,37.31,405350
2020-11-13,VCB,37.39,37.52,37.22,37.52,417840
2020-11-16,VCB,37.65,37.91,36.7,37.05,1250340
2020-11-17,VCB,37.05,37.82,36.92,37.82,548250
2020-11-18,VCB,37.82,37.87,37.57,37.82,906810
2020-11-19,VCB,37.87,38.95,37.74,38.95,2584440
2020-11-20,VCB,39.29,39.94,38.9,39.94,1231960
2020-11-23,VCB,39.77,39.9,39.29,39.55,648830
2020-11-24,VCB,39.72,39.9,39.21,39.9,996580
2020-11-25,VCB,39.94,40.67,39.85,40.37,1088020
2020-11-26,VCB,40.37,40.59,39.98,40.59,698350
2020-11-27,VCB,40.59,40.8,40.24,40.8,1210580
2020-11-30,VCB,40.46,40.59,39.51,40.16,1448340
2020-12-01,VCB,39.16,40.24,39.16,39.72,1162270
2020-12-02,VCB,39.72,40.37,39.51,40.37,746710
2020-12-03,VCB,40.37,40.55,39.9,40.37,736760
2020-12-04,VCB,40.24,40.37,39.34,39.34,860900
2020-12-07,VCB,39.47,40.29,39.47,40.2,945460
2020-12-08,VCB,40.16,40.55,39.51,40.2,702820
2020-12-09,VCB,40.42,41.67,40.24,41.67,1198160
2020-12-10,VCB,41.67,42.19,41.62,41.97,1299820
2020-12-11,VCB,41.97,42.01,41.41,41.97,776190
2020-12-14,VCB,41.97,43.14,41.41,43.14,931080
2020-12-15,VCB,42.75,43.09,41.67,42.23,1433260
2020-12-16,VCB,42.32,43.14,42.23,43.14,740700
2020-12-17,VCB,42.57,42.57,41.02,41.45,2305960
2020-12-18,VCB,41.45,42.7,41.45,42.7,1053200
2020-12-21,VCB,43.05,43.1,42.36,43.05,697030
2020-12-22,VCB,42.66,42.7,42.44,42.62,748840
2020-12-23,VCB,42.44,42.88,42.18,42.44,666390
2020-12-24,VCB,42.62,42.62,41.79,42.36,815730
2020-12-25,VCB,42.23,42.49,42.1,42.49,314960
2020-12-28,VCB,42.66,42.75,42.36,42.66,836090
2020-12-29,VCB,42.66,43.44,42.57,43.18,696510
2020-12-30,VCB,43.18,43.36,42.44,42.62,509510
2020-12-31,VCB,42.62,43.1,42.23,42.62,367140
2021-01-04,VCB,42.66,43.44,42.36,43.1,855900
2021-01-05,VCB,43.1,43.79,43.1,43.23,739200
2021-01-06,VCB,43.31,46.23,43.23,45.71,2080400
2021-01-07,VCB,45.27,47.23,45.27,46.58,889000
2021-01-08,VCB,47.01,47.01,45.49,45.62,963900
2021-01-11,VCB,45.53,46.01,45.32,45.49,847400
2021-01-12,VCB,45.97,45.97,45.36,45.97,634900
2021-01-13,VCB,45.97,46.19,45.27,45.62,1064200
2021-01-14,VCB,45.71,45.8,44.97,45.23,832200
2021-01-15,VCB,45.66,45.66,44.62,44.92,1099800
2021-01-18,VCB,45.06,45.71,44.84,44.97,1060400
2021-01-19,VCB,44.88,44.97,41.83,43.1,1130300
2021-01-20,VCB,43.1,46.1,42.66,43.14,2093000
2021-01-21,VCB,43.14,44.84,42.66,44.84,1283700
2021-01-22,VCB,44.84,45.27,44.4,44.84,1268500
2021-01-25,VCB,44.01,44.84,44.01,44.62,725900
2021-01-26,VCB,44.62,44.62,43.1,43.92,970500
2021-01-27,VCB,43.14,43.53,40.88,42.4,1566800
2021-01-28,VCB,40.05,40.62,39.44,39.44,1205500
2021-01-29,VCB,37.22,42.18,37.22,40.48,1359000
2021-02-01,VCB,41.79,41.79,39.61,39.66,1309600
2021-02-02,VCB,40.05,42.1,40.05,42.01,1064500
2021-02-03,VCB,42.44,43.1,42.05,43.05,1454600
2021-02-04,VCB,43.05,43.1,40.88,43.05,967300
2021-02-05,VCB,43.05,43.53,42.62,43.53,897400
2021-02-08,VCB,43.05,43.44,40.53,40.96,2902200
2021-02-09,VCB,41.57,42.4,40.53,42.31,2978900
2021-02-17,VCB,42.44,43.53,42.44,43.53,1054100
2021-02-18,VCB,43.1,44.4,42.66,44.4,1688900
2021-02-19,VCB,43.18,44.27,43.14,44.1,1851200
2021-02-22,VCB,43.97,44.4,43.66,43.79,1388700
2021-02-23,VCB,43.53,43.97,43.18,43.53,1441400
2021-02-24,VCB,43.75,43.97,42.01,42.7,1265300
2021-02-25,VCB,43.1,43.31,42.49,42.75,896100
2021-02-26,VCB,42.36,43.1,42.23,42.75,1070700
2021-03-01,VCB,42.75,43.23,42.75,43.18,911200
2021-03-02,VCB,43.53,44.32,42.66,43.23,1189600
2021-03-03,VCB,42.79,43.27,42.75,42.84,915600
2021-03-04,VCB,42.92,43.31,40.53,42.36,1118100
2021-03-05,VCB,42.27,42.31,41.36,41.96,1661600
2021-03-08,VCB,42.23,42.23,41.36,41.44,1501800
2021-03-09,VCB,41.36,41.36,40.53,41.36,1344300
2021-03-10,VCB,41.36,41.7,40.92,41.57,1063900
2021-03-11,VCB,41.7,42.14,41.7,41.92,1009800
2021-03-12,VCB,41.92,42.01,41.14,41.7,1259800
2021-03-15,VCB,41.79,42.23,41.57,41.92,1438400
2021-03-16,VCB,41.79,41.79,41.4,41.66,655800
2021-03-17,VCB,41.57,41.7,41.36,41.62,1239400
2021-03-18,VCB,41.88,42.44,41.57,42.44,1609100
2021-03-19,VCB,42.27,42.27,41.01,41.01,1595700
2021-03-22,VCB,41.79,42.44,41.53,42.23,1902000
2021-03-23,VCB,42.18,42.18,41.53,41.7,940800
2021-03-24,VCB,41.36,41.75,40.96,41.22,1422500
2021-03-25,VCB,41.22,41.79,41.14,41.4,1160300
2021-03-26,VCB,41.36,41.57,40.79,41.31,1196800
2021-03-29,VCB,41.44,41.7,40.7,41.49,1195800
2021-03-30,VCB,41.49,41.49,40.96,41.27,1748700
2021-03-31,VCB,41.14,41.4,40.96,41.27,944600
2021-04-01,VCB,41.44,42.53,41.44,42.18,2697600
2021-04-02,VCB,42.44,42.88,42.18,42.57,2277500
2021-04-05,VCB,43.1,44.75,42.92,44.4,3592400
2021-04-06,VCB,44.4,44.62,43.75,44.36,2243200
2021-04-07,VCB,44.05,44.4,43.71,44.36,1182700
2021-04-08,VCB,44.36,44.36,43.31,43.53,1575400
2021-04-09,VCB,43.31,43.31,42.44,42.44,2101700
2021-04-12,VCB,42.88,43.18,42.4,43.05,2670100
2021-04-13,VCB,43.53,43.53,42.44,42.44,1670900
2021-04-14,VCB,42.36,42.97,42.18,42.97,1336800
2021-04-15,VCB,43.44,43.44,42.14,42.44,2152800
2021-04-16,VCB,42.36,42.88,41.79,41.92,1515900
2021-04-19,VCB,42.23,42.88,41.7,42.88,1387500
2021-04-20,VCB,43.14,45.71,42.88,44.84,6274200
2021-04-22,VCB,44.84,45.97,44.49,44.84,2981300
2021-04-23,VCB,44.84,45.27,43.75,45.27,2285300
2021-04-26,VCB,45.27,45.27,42.62,42.92,3595400
2021-04-27,VCB,42.92,43.36,42.53,43.1,1191800
2021-04-28,VCB,43.1,43.23,42.53,43.1,1426900
2021-04-29,VCB,43.1,43.53,42.66,43.53,1615700
2021-05-04,VCB,43.1,43.36,42.66,43.14,1496300
2021-05-05,VCB,43.14,44.4,43.14,44.05,1826700
2021-05-06,VCB,44.05,44.27,43.1,43.23,1161200
2021-05-07,VCB,43.05,43.1,42.1,42.23,2284800
2021-05-10,VCB,42.1,42.75,41.75,42.7,1674000
2021-05-11,VCB,42.75,43.23,42.44,42.62,1171500
2021-05-12,VCB,42.62,42.62,42.23,42.36,1218300
2021-05-13,VCB,42.31,42.57,42.14,42.14,1698000
2021-05-14,VCB,42.4,42.79,42.05,42.18,1403600
2021-05-17,VCB,42.27,42.36,41.7,41.79,1715100
2021-05-18,VCB,41.49,41.79,41.14,41.18,2103400
2021-05-19,VCB,41.18,41.18,40.83,40.96,1678100
2021-05-20,VCB,40.96,43.1,40.96,43.1,1904100
2021-05-21,VCB,41.92,42.66,41.79,42.14,1459200
2021-05-24,VCB,42.44,42.88,42.01,42.4,1814700
2021-05-25,VCB,42.4,43.53,42.4,43.44,3816000
2021-05-26,VCB,43.49,44.32,43.4,43.71,2356000
2021-05-27,VCB,43.53,43.71,42.66,42.97,1455000
2021-05-28,VCB,43.1,44.01,42.49,43.36,2196000
2021-05-31,VCB,43.97,43.97,42.79,42.92,2621000
2021-06-01,VCB,43.27,45.36,42.97,45.14,4533500
2021-06-02,VCB,45.27,46.8,45.14,46.14,4274100
2021-06-03,VCB,46.19,47.01,46.14,46.45,2802000
2021-06-04,VCB,46.36,46.36,45.32,45.66,2405800
2021-06-07,VCB,45.4,45.66,44.05,44.84,2969900
2021-06-08,VCB,44.84,45.27,43.53,43.53,2351600
2021-06-09,VCB,43.53,44.4,43.18,44.4,2393900
2021-06-10,VCB,44.36,44.79,43.53,44.32,2262500
2021-06-11,VCB,44.01,45.06,43.75,44.75,2048000
2021-06-14,VCB,44.45,45.01,44.1,44.4,1459700
2021-06-15,VCB,44.45,44.84,43.97,44.75,1420700
2021-06-16,VCB,44.62,46.14,44.62,45.27,2898400
2021-06-17,VCB,44.84,45.71,44.4,45.36,1557000
2021-06-18,VCB,45.49,47.45,45.4,47.23,3234900
2021-06-21,VCB,47.01,47.1,46.14,46.4,2107900
2021-06-22,VCB,46.62,47.23,46.36,46.84,1481900
2021-06-23,VCB,47.01,48.32,46.58,47.75,2248600
2021-06-24,VCB,47.84,48.23,46.93,48.19,1143400
2021-06-25,VCB,48.19,49.1,47.41,49.02,1688800
2021-06-28,VCB,49.06,49.19,48.36,49.02,1524500
2021-06-29,VCB,48.76,49.63,48.54,49.63,1853100
2021-06-30,VCB,49.63,51.02,49.63,50.67,2768000
2021-07-01,VCB,50.8,50.85,50.06,50.67,1836400
2021-07-02,VCB,50.67,50.76,49.63,50.02,1727200
2021-07-05,VCB,49.58,49.58,48.28,49.45,2049100
2021-07-06,VCB,48.97,50.06,48.76,48.76,1669600
2021-07-07,VCB,48.76,49.36,46.14,49.36,2679800
2021-07-08,VCB,48.41,49.19,47.45,48.32,1384100
2021-07-09,VCB,47.88,48.36,46.49,47.8,2936900
2021-07-12,VCB,47.67,47.67,44.88,46.62,2480600
2021-07-13,VCB,46.54,46.54,44.45,45.01,1686000
2021-07-14,VCB,45.01,45.06,43.53,44.32,2251700
2021-07-15,VCB,43.62,45.49,43.62,44.62,2319400
2021-07-16,VCB,44.62,45.01,43.97,44.62,1467300
2021-07-19,VCB,43.53,43.62,41.75,42.23,2542200
2021-07-20,VCB,42.57,43.97,40.7,43.62,2386000
2021-07-21,VCB,43.31,43.75,42.79,43.1,1463700
2021-07-22,VCB,43.05,43.84,42.66,43.66,1455800
2021-07-23,VCB,43.23,43.44,42.23,42.23,1700300
2021-07-26,VCB,42.01,42.44,41.66,41.79,1264200
2021-07-27,VCB,42.44,42.49,41.36,41.36,2654200
2021-07-28,VCB,41.4,42.23,41.4,42.23,1490800
2021-07-29,VCB,42.4,42.62,42.23,42.62,1191800
2021-07-30,VCB,42.36,43.01,42.31,42.66,1354600
2021-08-02,VCB,42.23,42.97,41.96,42.23,1285000
2021-08-03,VCB,42.27,43.01,42.23,43.01,1265700
2021-08-04,VCB,43.18,43.23,42.7,42.88,1160300
2021-08-05,VCB,42.66,43.31,42.62,43.27,1127700
2021-08-06,VCB,43.44,43.44,42.7,42.7,1114400
2021-08-09,VCB,42.7,43.05,42.53,42.79,1228900
2021-08-10,VCB,43.1,43.18,42.88,43.1,1556400
2021-08-11,VCB,43.23,44.27,43.14,43.75,1711800
2021-08-12,VCB,43.75,43.88,43.31,43.49,986600
2021-08-13,VCB,43.49,43.49,42.79,43.36,1328900
2021-08-16,VCB,43.36,43.79,43.1,43.79,1992400
2021-08-17,VCB,44.62,44.84,43.97,43.97,1688700
2021-08-18,VCB,43.97,44.62,43.4,43.97,1848000
2021-08-19,VCB,43.84,44.84,43.44,44.75,2576600
2021-08-20,VCB,44.05,44.36,43.27,43.58,1798500
2021-08-23,VCB,43.1,43.53,42.05,42.36,2136200
2021-08-24,VCB,43.18,43.18,42.01,42.23,1069100
2021-08-25,VCB,42.23,43.1,42.14,42.44,1069200
2021-08-26,VCB,42.57,43.1,42.14,42.14,1076900
2021-08-27,VCB,41.79,42.88,41.79,42.57,1106600
2021-08-30,VCB,42.84,43.27,42.57,43.23,1221700
2021-08-31,VCB,43.31,43.49,42.79,43.27,747500
2021-09-01,VCB,43.27,43.49,41.79,43.27,907500
2021-09-06,VCB,43.27,43.58,43.27,43.53,905000
2021-09-07,VCB,43.49,43.88,43.44,43.53,1041800
2021-09-08,VCB,43.53,43.58,42.14,43.4,863000
2021-09-09,VCB,43.4,43.58,42.92,43.23,817200
2021-09-10,VCB,43.44,43.44,42.92,43.18,857800
2021-09-13,VCB,43.01,43.1,42.7,42.7,1043100
2021-09-14,VCB,42.7,42.88,42.23,42.79,1230500
2021-09-15,VCB,42.79,42.79,42.27,42.27,798500
2021-09-16,VCB,43.05,43.05,42.44,42.7,570400
2021-09-17,VCB,42.44,42.84,42.31,42.31,1002200
2021-09-20,VCB,42.36,43.97,42.36,43.36,1277900
2021-09-21,VCB,43.31,43.44,42.66,42.66,862000
2021-09-22,VCB,42.84,43.31,42.66,43.31,362800
2021-09-23,VCB,43.36,43.71,42.88,43.31,676000
2021-09-24,VCB,43.31,43.44,43.23,43.31,454700
2021-09-27,VCB,43.31,43.4,42.66,42.66,465500
2021-09-28,VCB,42.57,43.23,42.44,43.18,484500
2021-09-29,VCB,43.31,43.31,42.44,42.88,565000
2021-09-30,VCB,42.88,42.92,42.27,42.31,1199900
2021-10-01,VCB,42.36,42.75,41.7,41.75,1611900
2021-10-04,VCB,41.79,42.01,41.09,41.18,913400
2021-10-05,VCB,41.4,41.83,41.4,41.62,973700
2021-10-06,VCB,41.62,41.62,41.27,41.62,691200
2021-10-07,VCB,41.62,42.14,41.36,42.14,797200
2021-10-08,VCB,42.05,42.23,41.62,42.23,697000
2021-10-11,VCB,42.23,42.84,42.14,42.44,1096000
2021-10-12,VCB,42.79,42.79,42.23,42.23,761100
2021-10-13,VCB,42.62,42.66,42.23,42.23,1426300
2021-10-14,VCB,42.23,42.31,41.75,42.1,1784700
2021-10-15,VCB,42.14,42.36,42.01,42.01,731500
2021-10-18,VCB,41.92,42.23,41.36,41.79,1247900
2021-10-19,VCB,41.83,42.01,41.44,41.96,836300
2021-10-20,VCB,41.96,42.1,40.92,41.36,1561000
2021-10-21,VCB,41.53,41.79,40.92,40.92,1226100
2021-10-22,VCB,41.36,41.36,40.92,41.05,240000
2021-10-25,VCB,41.75,41.75,40.96,40.96,800600
2021-10-26,VCB,40.96,41.18,40.75,40.92,632000
2021-10-27,VCB,41.18,42.01,41.05,41.83,1428600
2021-10-28,VCB,42.05,42.62,41.83,42.62,1772600
2021-10-29,VCB,42.36,42.84,42.18,42.66,1263800
2021-11-01,VCB,42.7,42.75,42.23,42.23,1057500
2021-11-02,VCB,42.4,42.66,42.36,42.62,808300
2021-11-03,VCB,42.53,43.01,42.36,42.97,1830000
2021-11-04,VCB,42.97,43.01,42.31,42.84,989400
2021-11-05,VCB,42.44,43.1,42.23,42.44,1126300
2021-11-08,VCB,42.7,42.84,42.44,42.75,1184200
2021-11-09,VCB,42.66,42.92,42.23,42.27,1377600
2021-11-10,VCB,42.27,42.75,42.14,42.49,857100
2021-11-11,VCB,42.57,43.23,42.23,42.79,1115600
2021-11-12,VCB,42.79,42.79,42.44,42.75,614800
2021-11-15,VCB,42.79,43.1,42.31,42.53,766700
2021-11-16,VCB,42.53,42.88,42.23,42.31,706300
2021-11-17,VCB,42.31,42.7,42.31,42.66,788300
2021-11-18,VCB,42.79,42.79,42.23,42.23,709700
2021-11-19,VCB,42.31,42.62,42.27,42.27,413000
2021-11-22,VCB,42.36,43.05,42.27,43.01,1017300
2021-11-23,VCB,43.1,43.14,42.75,43.14,549200
2021-11-24,VCB,43.18,45.97,43.18,45.62,1883300
2021-11-25,VCB,45.71,47.01,45.53,46.62,1473200
2021-11-26,VCB,46.45,47.1,45.27,45.71,879600
2021-11-29,VCB,44.97,45.66,43.97,44.01,851000
2021-11-30,VCB,45.27,45.27,43.05,43.05,1336500
2021-12-01,VCB,43.27,44.18,42.79,43.1,551500
2021-12-02,VCB,43.66,43.88,43.01,43.14,787700
2021-12-03,VCB,43.18,43.88,42.44,42.66,795900
2021-12-06,VCB,42.66,43.53,41.53,41.53,1008600
2021-12-07,VCB,41.83,43.27,41.83,42.75,820000
2021-12-08,VCB,42.66,43.27,42.66,42.97,507500
2021-12-09,VCB,42.4,43.27,42.36,43.18,805400
2021-12-10,VCB,43.97,44.75,43.49,43.53,1881200
2021-12-13,VCB,44.4,44.4,43.18,43.36,1038000
2021-12-14,VCB,43.36,43.75,43.14,43.23,862300
2021-12-15,VCB,43.31,43.84,43.1,43.49,732300
2021-12-16,VCB,43.88,43.88,42.7,43.14,1047100
2021-12-17,VCB,43.53,43.53,42.01,42.01,3475700
2021-12-20,VCB,42.88,43.31,42.7,43.31,736900
2021-12-21,VCB,43.1,43.44,42.88,43.05,774100
2021-12-22,VCB,43.3,43.75,43.07,43.24,1915300
2021-12-23,VCB,43.58,44.36,43.01,43.01,1489000
2021-12-24,VCB,43.18,44.14,43.18,44.14,849400
2021-12-27,VCB,44.36,45.15,43.8,44.87,934100
2021-12-28,VCB,44.98,45.54,43.86,44.98,1168800
2021-12-29,VCB,44.7,44.87,44.48,44.7,440000
2021-12-30,VCB,44.87,44.93,43.69,44.08,920300
2021-12-31,VCB,44.42,44.53,44.08,44.31,422000
2022-01-04,VCB,44.42,44.65,43.86,44.42,1133800
2022-01-05,VCB,44.42,45.21,43.86,43.86,1603100
2022-01-06,VCB,44.2,44.93,43.8,44.48,1215600
2022-01-07,VCB,44.76,44.93,43.97,44.87,966200
2022-01-10,VCB,44.81,44.93,44.14,44.7,1097000
2022-01-11,VCB,44.98,44.98,44.14,44.65,952700
2022-01-12,VCB,44.65,44.98,43.86,44.98,1801500
2022-01-13,VCB,45.26,47.46,45.09,46.05,2532800
2022-01-14,VCB,46.05,46.89,45.54,46.89,1522100
2022-01-17,VCB,46.67,49.48,46.28,48.47,2628500
2022-01-18,VCB,48.07,49.26,47.23,49.26,1696600
2022-01-19,VCB,49.2,49.2,47.79,48.81,914800
2022-01-20,VCB,47.91,49.2,46.73,48.97,2794300
2022-01-21,VCB,48.86,50.61,48.41,50.16,2502300
2022-01-24,VCB,50.27,52.57,49.59,52.29,2728300
2022-01-25,VCB,52.01,53.98,50.04,53.87,2396600
2022-01-26,VCB,53.87,53.87,52.07,53.14,2523500
2022-01-27,VCB,52.29,53.14,50.83,51.17,1732900
2022-01-28,VCB,51.17,51.73,50.04,50.04,2055700
2022-02-07,VCB,50.94,52.24,50.32,51.95,1620800
2022-02-08,VCB,51.95,51.95,50.66,51.73,1146400
2022-02-09,VCB,51.28,51.67,50.77,51.06,1582900
2022-02-10,VCB,51.22,52.52,51.17,51.34,1827200
2022-02-11,VCB,51.34,51.5,50.61,50.61,1158400
2022-02-14,VCB,49.54,49.93,48.36,48.36,3629100
2022-02-15,VCB,48.36,49.65,47.12,48.92,2453500
2022-02-16,VCB,49.2,49.42,48.58,48.92,1286000
2022-02-17,VCB,48.92,49.31,48.81,49.2,1431200
2022-02-18,VCB,48.58,49.2,48.58,49.03,1066200
2022-02-21,VCB,48.69,49.26,48.69,49.14,1017900
2022-02-22,VCB,48.92,48.92,47.79,48.81,1540200
2022-02-23,VCB,48.92,48.92,48.24,48.86,986300
2022-02-24,VCB,48.75,48.81,47.79,47.96,2078700
2022-02-25,VCB,47.96,48.3,47.79,47.85,1616500
2022-02-28,VCB,47.85,47.85,47.46,47.51,1322100
2022-03-01,VCB,47.51,48.02,47.29,47.79,1295400
2022-03-02,VCB,48.13,48.13,47.34,47.79,1655600
2022-03-03,VCB,47.79,48.07,47.63,48.07,1052200
2022-03-04,VCB,47.91,48.07,47.68,47.74,1058100
2022-03-07,VCB,47.4,47.74,47.18,47.74,1002800
2022-03-08,VCB,47.12,47.51,45.83,45.83,2936300
2022-03-09,VCB,45.99,46.73,45.94,46.67,1325300
2022-03-10,VCB,46.67,47.06,46.61,46.95,1154100
2022-03-11,VCB,47.06,47.18,46.67,47.12,876100
2022-03-14,VCB,46.84,47.34,46.78,47.34,1438200
2022-03-15,VCB,47.23,47.29,45.54,45.6,2385900
2022-03-16,VCB,45.71,46.78,45.71,46.39,1000600
2022-03-17,VCB,46.67,46.95,46.5,46.67,1222400
2022-03-18,VCB,46.73,47.91,46.61,47.34,1406600
2022-03-21,VCB,47.34,48.07,47.23,47.74,933900
2022-03-22,VCB,47.74,48.07,47.74,47.74,775100
2022-03-23,VCB,47.74,48.13,47.74,47.74,966600
2022-03-24,VCB,47.74,47.74,46.95,46.95,570200
2022-03-25,VCB,47.23,47.23,46.11,46.39,1137800
2022-03-28,VCB,46.67,46.67,46.11,46.33,725400
2022-03-29,VCB,46.33,46.67,45.88,46.05,1018600
2022-03-30,VCB,45.99,46.95,45.83,46.11,913900
2022-03-31,VCB,46.11,46.44,46.11,46.16,492400
2022-04-01,VCB,46.16,47.01,45.6,46.56,900300
2022-04-04,VCB,46.78,47.29,46.44,46.44,712000
2022-04-05,VCB,46.56,46.78,46.44,46.67,526100
2022-04-06,VCB,46.61,47.79,45.94,47.57,2009600
2022-04-07,VCB,47.74,47.91,46.67,46.67,928000
2022-04-08,VCB,47.18,47.18,46.61,46.67,788200
2022-04-12,VCB,46.67,46.78,45.88,46.33,841300
2022-04-13,VCB,46.67,46.73,46.11,46.33,850700
2022-04-14,VCB,46.33,46.61,45.54,45.54,1151400
2022-04-15,VCB,45.66,45.83,45.09,45.09,894800
2022-04-18,VCB,44.98,45.09,43.63,43.69,1237300
2022-04-19,VCB,43.75,44.14,43.63,43.69,1003400
2022-04-20,VCB,43.86,44.36,43.69,44.08,904600
2022-04-21,VCB,44.08,44.53,43.97,44.08,2178200
2022-04-22,VCB,44.48,46.44,44.48,46.22,2776600
2022-04-25,VCB,46.22,46.67,43.3,45.99,2479400
2022-04-26,VCB,44.42,45.26,44.42,45.26,1912000
2022-04-27,VCB,44.93,46.11,43.97,45.83,1429800
2022-04-28,VCB,45.83,45.88,44.7,45.83,564100
2022-04-29,VCB,45.77,46.28,44.98,45.49,1259200
2022-05-04,VCB,45.49,45.54,44.42,44.93,892600
2022-05-05,VCB,45.26,45.83,44.76,45.54,1019300
2022-05-06,VCB,44.81,45.66,44.65,44.65,775900
2022-05-09,VCB,44.31,45.21,43.75,43.8,1674200
2022-05-10,VCB,43.35,44.98,43.35,44.98,926000
2022-05-11,VCB,44.98,45.15,44.42,44.98,931300
2022-05-12,VCB,44.42,44.93,43.3,43.3,972300
2022-05-13,VCB,43.3,43.86,41.05,41.05,1963600
2022-05-16,VCB,42.45,42.96,41.61,41.72,1558800
2022-05-17,VCB,41.72,43.3,41.1,42.73,2262300
2022-05-18,VCB,43.3,43.3,42.17,42.4,881000
2022-05-19,VCB,42.17,43.13,42.06,42.73,575800
2022-05-20,VCB,42.23,43.01,42.17,42.34,661800
2022-05-23,VCB,42.51,42.51,41.38,41.83,631600
2022-05-24,VCB,42.11,42.56,41.78,42.51,898700
2022-05-25,VCB,42.73,43.3,42.06,43.3,817000
2022-05-26,VCB,43.3,43.35,42.73,43.13,978900
2022-05-27,VCB,43.13,43.52,42.9,43.52,892000
2022-05-30,VCB,43.52,45.54,42.96,43.86,1327400
2022-05-31,VCB,44.36,44.36,43.86,44.36,483700
2022-06-01,VCB,44.42,45.26,44.42,45.26,798800
2022-06-02,VCB,45.43,45.43,44.42,44.42,641400
2022-06-03,VCB,44.08,44.7,42.96,43.58,527800
2022-06-06,VCB,43.58,44.98,42.23,44.81,880500
2022-06-07,VCB,44.42,46.11,43.91,45.54,933000
2022-06-08,VCB,45.54,45.54,44.31,44.53,1164700
2022-06-09,VCB,44.42,44.93,43.69,43.75,1067500
2022-06-10,VCB,43.75,44.42,43.52,43.69,390900
2022-06-13,VCB,43.3,43.3,41.66,42.96,1105800
2022-06-14,VCB,42.45,43.91,41.61,43.3,1066200
2022-06-15,VCB,43.52,44.03,42.34,43.01,1243600
2022-06-16,VCB,43.13,44.98,43.01,44.48,1209600
2022-06-17,VCB,43.3,44.03,42.79,42.79,1050600
2022-06-20,VCB,44.7,44.7,42.34,42.73,1089700
2022-06-21,VCB,42.73,43.69,42.28,43.69,937100
2022-06-22,VCB,43.8,43.86,42.17,42.73,1069200
2022-06-23,VCB,42.23,43.13,42.11,42.68,590200
2022-06-24,VCB,42.85,42.9,41.95,42.17,648600
2022-06-27,VCB,42.45,42.73,42.06,42.11,862500
2022-06-28,VCB,42.17,43.3,42.06,42.9,1095800
2022-06-29,VCB,42.62,42.68,42.34,42.45,847500
2022-06-30,VCB,42.45,42.73,42.06,42.06,678400
2022-07-01,VCB,41.89,42.17,40.99,41.61,1383000
2022-07-04,VCB,42.11,42.28,41.55,41.66,746200
2022-07-05,VCB,42.11,42.11,41.38,41.61,1064500
2022-07-06,VCB,41.44,41.55,38.74,40.93,1548200
2022-07-07,VCB,40.88,42.45,40.32,42.45,1258400
2022-07-08,VCB,42.11,42.17,41.55,41.61,761000
2022-07-11,VCB,41.22,41.33,40.48,40.48,660800
2022-07-12,VCB,40.54,40.82,40.32,40.43,811500
2022-07-13,VCB,40.37,41.27,40.15,40.37,1379900
2022-07-14,VCB,40.37,40.93,40.26,40.71,329400
2022-07-15,VCB,40.54,41.33,40.54,40.65,597500
2022-07-18,VCB,40.77,40.99,40.48,40.48,391400
2022-07-19,VCB,40.48,40.54,39.98,40.09,812100
2022-07-20,VCB,40.26,40.77,40.26,40.77,544900
2022-07-21,VCB,40.77,40.99,40.54,40.77,1164600
2022-07-22,VCB,40.54,40.88,40.48,40.77,1009600
2022-07-25,VCB,40.71,41.16,40.48,40.99,962700
2022-07-26,VCB,41.16,41.83,41.16,41.55,1119800
2022-07-27,VCB,41.61,42.17,41.44,42.17,1259900
2022-07-28,VCB,42.4,42.51,42.06,42.34,1164800
2022-07-29,VCB,42.4,42.45,42.0,42.0,1176000
2022-08-01,VCB,42.0,43.3,41.83,43.3,1577300
2022-08-02,VCB,43.3,44.53,42.73,44.36,1777800
2022-08-03,VCB,44.03,44.7,43.86,44.7,1005700
2022-08-04,VCB,44.7,46.39,44.65,46.39,2261100
2022-08-05,VCB,46.11,46.33,45.6,46.11,1395800
2022-08-08,VCB,46.11,46.39,46.05,46.11,915000
2022-08-09,VCB,46.11,46.11,44.93,45.43,1217900
2022-08-10,VCB,45.04,45.54,45.04,45.26,507500
2022-08-11,VCB,45.71,46.11,45.32,45.83,1171500
2022-08-12,VCB,45.83,46.05,45.49,45.88,1251800
2022-08-15,VCB,46.11,46.28,45.94,45.99,1259500
2022-08-16,VCB,46.11,46.11,45.6,45.83,687100
2022-08-17,VCB,45.66,45.94,45.66,45.83,764000
2022-08-18,VCB,45.71,46.11,45.66,45.83,1568600
2022-08-19,VCB,45.32,46.11,45.32,45.49,1148000
2022-08-22,VCB,45.04,45.83,44.98,44.98,525800
2022-08-23,VCB,44.98,45.71,44.93,45.09,648000
2022-08-24,VCB,45.66,46.61,45.15,46.11,1083700
2022-08-25,VCB,46.22,46.22,45.71,46.11,538800
2022-08-26,VCB,46.11,47.06,46.11,46.39,1559500
2022-08-29,VCB,45.77,46.39,45.49,46.39,951500
2022-08-30,VCB,46.39,48.36,46.39,48.36,2502800
2022-08-31,VCB,48.36,48.64,47.23,47.23,1055900
2022-09-05,VCB,47.23,47.4,46.39,46.44,1547800
2022-09-06,VCB,46.44,47.23,46.16,46.5,1027300
2022-09-07,VCB,46.11,46.39,44.87,44.98,2293300
2022-09-08,VCB,45.49,45.49,43.86,43.86,1074300
2022-09-09,VCB,44.14,44.59,43.97,44.31,1029200
2022-09-12,VCB,44.76,44.81,44.31,44.48,707393
2022-09-13,VCB,44.65,44.65,44.2,44.2,1191450
2022-09-14,VCB,43.41,44.7,43.3,44.03,1090341
2022-09-15,VCB,44.14,44.59,43.91,44.53,614855
2022-09-16,VCB,44.59,44.98,44.14,44.98,1520836
2022-09-19,VCB,44.42,45.09,43.86,44.31,939868
2022-09-20,VCB,44.31,44.98,44.2,44.53,523224
2022-09-21,VCB,44.59,44.76,43.8,44.36,500277
2022-09-22,VCB,43.69,44.2,43.58,43.86,1183870
2022-09-23,VCB,43.41,43.69,42.62,42.68,1035807
2022-09-26,VCB,42.23,43.3,41.66,42.17,1256770
2022-09-27,VCB,42.73,42.73,41.72,41.78,654279
2022-09-28,VCB,41.61,42.17,41.5,42.17,588760
2022-09-29,VCB,42.73,42.73,41.61,41.61,588618
2022-09-30,VCB,41.16,41.78,40.71,41.16,1263216
2022-10-03,VCB,41.33,41.5,39.53,39.7,895901
2022-10-04,VCB,39.36,40.43,39.08,40.09,1281903
2022-10-05,VCB,40.15,40.48,39.98,40.2,835756
2022-10-06,VCB,40.48,40.48,39.3,39.42,752134
2022-10-07,VCB,39.13,39.13,36.72,37.5,2114289
2022-10-10,VCB,37.39,38.07,36.04,36.6,1317571
2022-10-11,VCB,36.72,37.11,34.86,34.86,1162567
2022-10-12,VCB,35.42,36.72,34.97,35.99,1518177
2022-10-13,VCB,36.04,37.39,35.25,37.39,1597432
2022-10-14,VCB,38.52,38.52,37.84,38.29,1600459
2022-10-17,VCB,37.84,38.24,36.83,37.28,1241850
2022-10-18,VCB,38.24,38.24,37.84,38.07,885675
2022-10-19,VCB,38.18,38.24,37.84,38.18,627787
2022-10-20,VCB,38.18,39.36,37.73,38.91,1517785
2022-10-21,VCB,38.91,39.75,38.24,38.24,1284429
2022-10-24,VCB,39.08,39.08,37.0,38.24,670658
2022-10-25,VCB,37.11,39.7,37.11,39.3,1536394
2022-10-26,VCB,39.7,39.7,38.52,39.36,591925
2022-10-27,VCB,39.64,40.99,38.97,40.32,1299122
2022-10-28,VCB,40.77,41.89,40.26,40.26,1562170
2022-10-31,VCB,41.33,41.33,40.77,41.33,660625
2022-11-01,VCB,41.61,42.17,41.22,42.17,826630
2022-11-02,VCB,41.61,41.89,40.48,41.38,1255849
2022-11-03,VCB,40.48,41.27,40.48,41.05,727061
2022-11-04,VCB,40.2,40.77,38.74,40.37,1538569
2022-11-07,VCB,40.37,41.05,39.98,40.37,1232957
2022-11-08,VCB,40.48,42.17,40.26,40.82,1661225
2022-11-09,VCB,41.33,41.72,40.82,41.61,1215481
2022-11-10,VCB,41.55,41.55,40.26,40.93,959263
2022-11-11,VCB,41.05,42.45,41.05,42.45,1315047
2022-11-14,VCB,42.45,43.01,41.66,42.23,1537405
2022-11-15,VCB,41.83,42.96,40.54,42.17,1582693
2022-11-16,VCB,39.53,43.86,39.53,42.23,2350806
2022-11-17,VCB,42.79,43.07,42.45,43.01,1646478
2022-11-18,VCB,42.68,43.24,41.38,43.01,1565603
2022-11-21,VCB,43.01,43.01,42.17,42.17,1107753
2022-11-22,VCB,41.89,42.73,40.77,41.33,1936869
2022-11-23,VCB,41.05,41.33,40.71,41.33,794699
2022-11-24,VCB,41.33,41.61,40.77,41.05,1082309
2022-11-25,VCB,41.1,41.38,40.93,41.1,1675974
2022-11-28,VCB,41.89,43.3,41.5,43.13,1343149
2022-11-29,VCB,42.73,44.87,42.73,44.87,1709345
2022-11-30,VCB,45.15,45.54,43.3,45.54,1324673
2022-12-01,VCB,45.49,45.77,44.53,44.98,1180842
2022-12-02,VCB,44.93,47.79,44.59,47.79,1243982
2022-12-05,VCB,47.29,48.92,46.39,47.79,1668352
2022-12-06,VCB,47.79,47.91,44.98,44.98,1309556
2022-12-07,VCB,44.98,46.11,43.86,44.14,1456577
2022-12-08,VCB,44.42,45.54,43.3,43.3,2110951
2022-12-09,VCB,44.08,44.53,43.35,43.46,1684857
2022-12-12,VCB,44.31,45.26,43.52,43.52,2106780
2022-12-13,VCB,43.91,44.59,43.8,43.97,2233239
2022-12-14,VCB,44.81,44.81,44.14,44.31,1084310
2022-12-15,VCB,44.31,45.38,44.2,44.7,1251584
2022-12-16,VCB,44.7,46.61,44.36,44.81,3160071
2022-12-19,VCB,44.98,45.54,44.42,44.53,758323
2022-12-20,VCB,44.81,46.11,44.42,44.42,1425824
2022-12-21,VCB,45.77,45.77,44.25,44.25,962690
2022-12-22,VCB,44.7,45.6,44.59,44.59,1073857
2022-12-23,VCB,45.09,45.66,44.48,44.48,1080281
2022-12-26,VCB,44.53,45.43,44.36,44.36,1204231
2022-12-27,VCB,45.09,45.26,44.36,44.48,1059104
2022-12-28,VCB,45.21,46.11,44.7,44.98,1174140
2022-12-29,VCB,46.28,46.39,45.26,45.38,1238385
2022-12-30,VCB,46.61,46.73,44.98,44.98,1512532
2023-01-03,VCB,45.09,46.44,45.09,46.44,1090345
2023-01-04,VCB,46.61,46.61,45.99,46.56,838779
2023-01-05,VCB,46.56,47.23,46.39,47.23,1080011
2023-01-06,VCB,47.23,47.68,47.18,47.23,1127163
2023-01-09,VCB,48.24,48.86,47.68,48.86,1668531
2023-01-10,VCB,48.47,50.55,48.47,49.09,2114849
2023-01-11,VCB,49.09,49.09,47.85,47.85,984111
2023-01-12,VCB,47.91,47.91,47.12,47.68,1879784
2023-01-13,VCB,47.91,48.64,47.91,48.24,822866
2023-01-16,VCB,48.36,49.76,48.36,49.09,737007
2023-01-17,VCB,49.76,50.27,49.09,50.27,645550
2023-01-18,VCB,50.61,51.17,50.27,50.61,836046
2023-01-19,VCB,50.32,53.98,49.2,52.29,1720442
2023-01-27,VCB,52.29,53.19,51.45,52.29,1554077
2023-01-30,VCB,51.79,52.01,50.49,50.55,1046115
2023-01-31,VCB,50.55,51.67,49.37,51.67,1449748
2023-02-01,VCB,51.73,52.01,50.1,50.1,1137519
2023-02-02,VCB,49.82,51.73,49.82,50.94,985306
2023-02-03,VCB,50.77,52.29,50.1,52.29,894615
2023-02-06,VCB,52.07,54.15,51.45,53.98,1154264
2023-02-07,VCB,53.59,53.7,51.73,51.73,1196748
2023-02-08,VCB,51.79,54.09,51.79,52.97,886576
2023-02-09,VCB,52.74,53.42,52.29,52.29,760552
2023-02-10,VCB,53.14,53.14,52.18,53.14,648708
2023-02-13,VCB,53.3,53.64,51.73,52.57,873881
2023-02-14,VCB,52.57,52.57,51.28,52.01,1143667
2023-02-15,VCB,52.01,52.97,51.28,52.29,899713
2023-02-16,VCB,52.29,52.85,51.84,51.95,777372
2023-02-17,VCB,52.29,52.46,51.73,52.29,919596
2023-02-20,VCB,52.29,53.14,52.29,52.74,1095988
2023-02-21,VCB,52.97,53.36,52.85,52.97,676960
2023-02-22,VCB,52.97,53.02,52.01,52.29,1026246
2023-02-23,VCB,52.29,52.85,51.28,52.46,1026332
2023-02-24,VCB,52.29,52.85,50.61,52.57,631786
2023-02-27,VCB,52.29,52.57,51.56,52.18,501731
2023-02-28,VCB,52.35,52.69,52.07,52.57,566115
2023-03-01,VCB,51.9,52.52,51.84,52.29,730121
2023-03-02,VCB,52.29,52.74,51.62,52.4,985271
2023-03-03,VCB,51.62,52.18,51.11,51.11,799049
2023-03-06,VCB,51.17,51.84,51.17,51.17,712399
2023-03-07,VCB,51.45,52.01,51.22,51.67,970761
2023-03-08,VCB,51.17,51.84,51.0,51.84,872316
2023-03-09,VCB,51.73,52.52,51.56,52.29,1098833
2023-03-10,VCB,51.84,52.01,51.45,51.79,708269
2023-03-13,VCB,51.73,51.73,51.06,51.45,759814
2023-03-14,VCB,51.17,51.28,50.89,51.17,864241
2023-03-15,VCB,51.5,51.73,51.22,51.39,808217
2023-03-16,VCB,51.17,51.73,50.32,51.17,806313
2023-03-17,VCB,51.17,51.22,50.04,50.04,2272490
2023-03-20,VCB,50.04,50.32,47.85,47.85,1035307
2023-03-21,VCB,48.02,50.55,48.02,48.64,1058061
2023-03-22,VCB,48.69,50.55,48.69,50.04,1056346
2023-03-23,VCB,49.93,51.0,49.09,51.0,850122
2023-03-24,VCB,51.17,51.17,49.99,50.04,630688
2023-03-27,VCB,50.04,51.17,49.48,51.17,730499
2023-03-28,VCB,51.06,52.24,50.66,51.62,846797
2023-03-29,VCB,52.01,52.01,50.89,51.9,423348
2023-03-30,VCB,51.9,52.4,51.73,52.12,411004
2023-03-31,VCB,52.18,52.4,50.89,51.39,951283
2023-04-03,VCB,51.56,52.24,51.28,52.18,737481
2023-04-04,VCB,52.18,52.24,51.5,51.73,270521
2023-04-05,VCB,51.9,51.9,51.22,51.79,336349
2023-04-06,VCB,51.45,51.79,51.28,51.28,376788
2023-04-07,VCB,51.17,51.22,50.32,50.61,747860
2023-04-10,VCB,50.61,50.61,50.04,50.04,639645
2023-04-11,VCB,50.04,50.61,49.59,49.59,752232
2023-04-12,VCB,49.65,49.82,49.48,49.65,518806
2023-04-13,VCB,49.65,49.76,49.37,49.59,491499
2023-04-14,VCB,49.65,50.1,49.59,49.71,415311
2023-04-17,VCB,49.71,49.76,49.37,49.71,489420
2023-04-18,VCB,49.65,49.82,49.2,49.48,695427
2023-04-19,VCB,49.54,49.87,49.48,49.76,417179
2023-04-20,VCB,49.93,49.93,49.48,49.65,258080
2023-04-21,VCB,49.48,49.54,49.14,49.2,357041
2023-04-24,VCB,49.48,49.76,48.92,49.42,506466
2023-04-25,VCB,49.59,49.76,49.2,49.65,546290
2023-04-26,VCB,49.48,50.32,49.42,50.27,710670
2023-04-27,VCB,49.87,50.89,49.71,50.61,581140
2023-04-28,VCB,50.61,50.89,49.93,50.89,705032
2023-05-04,VCB,50.61,50.61,49.76,49.76,496435
2023-05-05,VCB,49.76,50.55,49.59,50.49,226102
2023-05-08,VCB,50.61,52.4,50.49,52.29,1502235
2023-05-09,VCB,52.29,52.8,51.9,51.9,564410
2023-05-10,VCB,51.67,52.29,51.5,51.73,418041
2023-05-11,VCB,51.73,51.79,51.17,51.17,506319
2023-05-12,VCB,51.17,52.18,51.06,52.18,711269
2023-05-15,VCB,51.73,52.29,51.28,51.56,451483
2023-05-16,VCB,51.73,52.35,51.34,52.07,666940
2023-05-17,VCB,52.01,52.29,51.9,52.18,573251
2023-05-18,VCB,52.24,53.98,51.84,53.42,1680806
2023-05-19,VCB,53.14,53.36,52.07,52.97,440496
2023-05-22,VCB,52.29,52.8,51.84,52.35,623319
2023-05-23,VCB,52.29,52.63,51.79,52.18,569233
2023-05-24,VCB,52.18,52.18,51.67,52.07,342665
2023-05-25,VCB,52.07,52.85,51.39,52.4,607166
2023-05-26,VCB,52.4,52.57,51.73,51.73,284190
2023-05-29,VCB,51.73,53.42,51.73,52.35,591719
2023-05-30,VCB,52.35,53.3,51.95,53.14,565039
2023-05-31,VCB,52.8,52.91,52.35,52.85,380711
2023-06-01,VCB,53.19,53.19,52.4,52.8,646726
2023-06-02,VCB,52.8,53.42,52.46,53.36,739065
2023-06-05,VCB,53.53,55.5,53.53,55.1,1299964
2023-06-06,VCB,55.1,55.67,54.26,55.67,761266
2023-06-07,VCB,55.67,55.67,54.54,54.54,750797
2023-06-08,VCB,54.54,57.18,54.54,56.23,1341141
2023-06-09,VCB,56.23,57.35,55.67,56.51,821677
2023-06-12,VCB,56.17,57.07,55.16,56.79,436746
2023-06-13,VCB,56.23,57.91,56.06,57.63,840097
2023-06-14,VCB,57.58,58.48,57.07,57.69,842576
2023-06-15,VCB,57.63,58.31,57.13,58.2,913438
2023-06-16,VCB,58.59,59.83,58.03,59.04,1333946
2023-06-19,VCB,58.25,58.53,57.18,57.18,1141315
2023-06-20,VCB,56.85,56.85,56.12,56.17,1782749
2023-06-21,VCB,56.06,56.51,56.06,56.23,1188227
2023-06-22,VCB,57.35,57.35,56.17,56.45,717220
2023-06-23,VCB,56.45,56.45,55.95,56.17,706286
2023-06-26,VCB,55.72,56.73,55.72,56.23,807728
2023-06-27,VCB,56.23,56.79,56.06,56.23,686645
2023-06-28,VCB,56.23,57.46,56.12,56.85,822207
2023-06-29,VCB,57.24,57.91,56.85,57.3,642122
2023-06-30,VCB,56.85,57.24,56.23,56.23,557300
2023-07-03,VCB,56.23,56.68,56.12,56.23,490833
2023-07-04,VCB,56.62,57.3,56.17,56.23,683429
2023-07-05,VCB,56.79,57.63,56.4,57.35,954822
2023-07-06,VCB,57.41,57.46,56.51,56.62,1021691
2023-07-07,VCB,56.51,59.04,56.45,59.04,1066312
2023-07-10,VCB,58.98,58.98,57.52,57.75,916503
2023-07-11,VCB,57.24,59.04,57.24,57.91,888492
2023-07-12,VCB,57.75,58.76,57.75,58.48,743776
2023-07-13,VCB,59.04,59.04,58.31,58.98,929375
2023-07-14,VCB,58.98,59.04,58.48,59.04,798828
2023-07-17,VCB,59.04,59.04,58.59,58.93,792928
2023-07-18,VCB,58.98,59.04,58.65,58.65,590877
2023-07-19,VCB,58.81,60.22,58.81,59.88,927729
2023-07-20,VCB,59.32,59.83,58.25,59.04,772446
2023-07-21,VCB,59.04,59.04,58.48,59.04,664121
2023-07-24,VCB,59.1,59.26,58.76,58.81,809968
2023-07-25,VCB,60.03,61.43,59.97,60.9,2376800
2023-07-26,VCB,61.03,62.03,61.03,62.03,1149142
2023-07-27,VCB,62.22,62.22,61.43,61.56,959168
2023-07-28,VCB,61.56,61.76,60.96,61.76,1118204
2023-07-31,VCB,61.76,61.89,60.83,60.83,1469179
2023-08-01,VCB,60.83,61.63,60.56,60.56,1282915
2023-08-02,VCB,60.56,60.76,60.43,60.76,1056442
2023-08-03,VCB,60.76,60.76,60.1,60.17,838992
2023-08-04,VCB,60.23,60.5,59.83,59.83,1232691
2023-08-07,VCB,59.83,60.3,59.77,60.3,1112919
2023-08-08,VCB,60.3,60.56,59.83,60.23,825329
2023-08-09,VCB,60.23,60.37,59.83,59.9,592910
2023-08-10,VCB,60.1,60.1,58.77,58.77,1339101
2023-08-11,VCB,58.77,60.03,58.77,60.03,922105
2023-08-14,VCB,59.97,59.97,59.1,59.1,1472862
2023-08-15,VCB,59.77,59.77,58.77,59.04,1149381
2023-08-16,VCB,58.97,59.37,58.9,59.24,728443
2023-08-17,VCB,59.24,59.63,58.84,59.37,2145945
2023-08-18,VCB,59.63,59.97,59.1,59.44,2432095
2023-08-21,VCB,59.57,59.9,59.24,59.63,1711594
2023-08-22,VCB,59.44,59.57,58.31,58.71,1826735
2023-08-23,VCB,59.04,59.04,57.18,57.31,1756869
2023-08-24,VCB,57.31,58.57,57.11,57.78,904090
2023-08-25,VCB,57.24,57.78,57.11,57.24,1406166
2023-08-28,VCB,57.38,58.11,57.24,57.78,1379391
2023-08-29,VCB,57.78,58.77,57.71,58.71,1393114
2023-08-30,VCB,58.77,59.44,58.77,59.17,1351406
2023-08-31,VCB,59.17,59.5,58.64,59.17,1532410
2023-09-05,VCB,59.17,60.23,59.17,59.83,1943937
2023-09-06,VCB,59.9,59.9,59.57,59.9,2019306
2023-09-07,VCB,59.77,60.3,59.44,59.44,1767025
2023-09-08,VCB,59.44,59.44,59.17,59.44,1342875
2023-09-11,VCB,59.5,59.77,58.44,58.77,1651179
2023-09-12,VCB,59.1,59.77,59.04,59.7,1573590
2023-09-13,VCB,59.77,59.77,59.04,59.17,1583591
2023-09-14,VCB,59.1,59.44,58.51,59.17,1513444
2023-09-15,VCB,59.04,59.63,58.84,59.63,2148841
2023-09-18,VCB,59.44,59.57,58.64,58.97,721550
2023-09-19,VCB,58.97,59.24,57.11,58.51,1121369
2023-09-20,VCB,58.51,58.71,57.38,58.44,789315
2023-09-21,VCB,58.44,58.44,57.64,57.78,1070108
2023-09-22,VCB,57.38,59.44,57.11,59.3,2412619
2023-09-25,VCB,59.1,59.44,58.64,59.3,2212485
2023-09-26,VCB,59.24,59.37,57.71,57.78,1666399
2023-09-27,VCB,58.17,59.1,57.78,58.31,1207226
2023-09-28,VCB,57.91,58.64,57.51,58.44,1066237
2023-09-29,VCB,58.64,58.64,57.84,58.11,450190
2023-10-02,VCB,57.84,57.91,57.44,57.44,767433
2023-10-03,VCB,57.44,57.58,56.98,57.31,884115
2023-10-04,VCB,57.31,57.31,56.65,57.31,925262
2023-10-05,VCB,57.11,57.11,56.12,56.12,891392
2023-10-06,VCB,56.12,56.71,55.45,56.71,802652
2023-10-09,VCB,56.71,56.71,55.78,56.18,1097445
2023-10-10,VCB,56.18,57.24,56.18,57.18,735970
2023-10-11,VCB,57.24,57.44,56.91,57.44,720549
2023-10-12,VCB,57.71,57.71,56.78,57.11,715133
2023-10-13,VCB,57.11,57.51,56.78,57.51,663930
2023-10-16,VCB,56.85,57.51,56.85,57.18,333530
2023-10-17,VCB,57.18,57.44,56.78,57.04,364184
2023-10-18,VCB,56.78,57.11,56.45,57.04,1148543
2023-10-19,VCB,56.78,57.11,55.85,56.12,1364661
2023-10-20,VCB,55.45,56.65,54.92,56.31,940696
2023-10-23,VCB,56.12,56.12,54.79,56.12,967700
2023-10-24,VCB,56.12,57.44,55.72,57.11,995455
2023-10-25,VCB,56.51,56.98,56.18,56.98,660885
2023-10-26,VCB,56.45,57.11,55.45,56.12,1421717
2023-10-27,VCB,56.18,56.45,55.65,56.45,774937
2023-10-30,VCB,55.45,57.11,55.45,57.04,594248
2023-10-31,VCB,57.04,57.71,56.38,57.64,1347127
2023-11-01,VCB,57.64,58.31,57.18,58.31,1481233
2023-11-02,VCB,58.44,59.1,57.51,59.1,1060228
2023-11-03,VCB,59.1,59.37,58.51,59.04,1089983
2023-11-06,VCB,59.04,59.63,58.77,59.44,775907
2023-11-07,VCB,59.1,59.3,58.64,58.64,415337
2023-11-08,VCB,58.44,59.57,58.37,59.44,1273201
2023-11-09,VCB,59.44,59.44,58.37,58.37,1168331
2023-11-10,VCB,57.84,58.11,57.11,57.11,1353101
2023-11-13,VCB,57.11,57.18,56.71,56.78,938884
2023-11-14,VCB,57.11,57.44,56.71,57.11,988940
2023-11-15,VCB,57.44,58.24,57.44,58.24,4069328
2023-11-16,VCB,57.78,58.44,57.58,58.44,1285689
2023-11-17,VCB,58.31,58.37,56.78,56.85,1589317
2023-11-20,VCB,56.85,57.78,56.45,57.18,1099258
2023-11-21,VCB,57.18,57.58,56.98,57.51,1152379
2023-11-22,VCB,57.31,57.58,56.78,57.58,1013847
2023-11-23,VCB,57.58,57.64,56.78,56.78,648155
2023-11-24,VCB,56.78,57.11,56.45,57.11,735269
2023-11-27,VCB,57.11,57.11,56.51,56.98,443705
2023-11-28,VCB,56.78,57.04,56.31,56.98,780344
2023-11-29,VCB,56.71,57.04,56.51,56.51,734262
2023-11-30,VCB,56.51,56.71,56.25,56.25,928310
2023-12-01,VCB,56.38,56.45,55.85,56.45,715983
2023-12-04,VCB,56.71,57.24,56.31,57.11,889234
2023-12-05,VCB,57.11,57.18,56.31,56.71,994057
2023-12-06,VCB,56.65,57.11,56.45,57.04,639066
2023-12-07,VCB,56.91,57.11,56.45,56.58,993875
2023-12-08,VCB,56.58,56.78,56.45,56.45,1184278
2023-12-11,VCB,56.45,56.65,55.85,55.92,1401171
2023-12-12,VCB,56.25,56.25,55.78,55.92,1007855
2023-12-13,VCB,55.92,56.12,55.58,55.58,1154515
2023-12-14,VCB,55.78,56.12,55.78,56.05,841937
2023-12-15,VCB,55.78,56.05,54.59,54.59,2531751
2023-12-18,VCB,54.99,55.05,54.12,54.12,1805761
2023-12-19,VCB,54.12,54.12,53.19,53.92,1964252
2023-12-20,VCB,53.92,53.99,53.46,53.86,1873375
2023-12-21,VCB,53.79,53.79,53.33,53.72,2031463
2023-12-22,VCB,53.72,53.86,53.39,53.72,1581238
2023-12-25,VCB,53.72,54.32,53.59,54.32,1303639
2023-12-26,VCB,54.45,54.99,54.45,54.99,973002
2023-12-27,VCB,55.05,55.25,54.79,54.92,900989
2023-12-28,VCB,54.92,55.19,54.72,54.99,704577
2023-12-29,VCB,55.45,55.72,53.33,53.33,1623585
2024-01-02,VCB,55.05,55.52,54.59,55.45,1788420
2024-01-03,VCB,55.45,56.12,54.99,56.12,1374590
2024-01-04,VCB,56.12,57.24,55.78,57.04,2660779
2024-01-05,VCB,57.04,57.24,56.91,57.24,1181807
2024-01-08,VCB,57.31,57.64,57.31,57.64,1611721
2024-01-09,VCB,57.64,58.37,57.64,58.31,1928985
2024-01-10,VCB,58.31,59.44,57.91,59.44,1800328
2024-01-11,VCB,59.44,59.77,58.84,59.3,1491432
2024-01-12,VCB,58.51,59.44,58.04,58.9,1911967
2024-01-15,VCB,59.1,59.83,59.04,59.77,1916364
2024-01-16,VCB,59.1,59.83,59.04,59.77,1368816
2024-01-17,VCB,59.1,60.43,59.1,60.37,1581258
2024-01-18,VCB,60.37,60.56,59.77,60.5,1424696
2024-01-19,VCB,60.43,61.76,60.03,61.49,1477733
2024-01-22,VCB,62.09,62.09,61.1,61.1,1048242
2024-01-23,VCB,61.16,61.36,60.03,60.76,1259446
2024-01-24,VCB,60.83,61.1,60.37,60.5,746187
2024-01-25,VCB,60.5,60.83,60.23,60.43,505031
2024-01-26,VCB,60.83,61.1,60.7,61.1,953670
2024-01-29,VCB,60.96,61.1,60.37,60.56,732044
2024-01-30,VCB,60.56,60.56,59.83,60.43,889895
2024-01-31,VCB,60.17,60.17,58.77,58.77,947351
2024-02-01,VCB,58.44,59.9,58.44,59.63,598963
2024-02-02,VCB,59.17,60.1,59.17,59.97,734186
2024-02-05,VCB,59.9,60.17,59.37,59.77,1950335
2024-02-06,VCB,59.97,60.17,59.17,59.44,1353403
2024-02-07,VCB,59.77,60.3,59.3,59.77,1372449
2024-02-15,VCB,59.77,60.23,59.17,59.7,1047830
2024-02-16,VCB,59.7,59.9,59.44,59.5,735346
2024-02-19,VCB,59.7,60.1,59.3,59.9,1046679
2024-02-20,VCB,59.83,60.7,59.37,60.63,1405753
2024-02-21,VCB,60.9,60.9,60.1,60.56,1369259
2024-02-22,VCB,60.17,60.43,59.44,59.44,1224789
2024-02-23,VCB,59.44,60.7,59.04,59.04,1802815
2024-02-26,VCB,59.04,59.77,59.04,59.44,722488
2024-02-27,VCB,59.5,60.56,59.17,60.5,1608348
2024-02-28,VCB,60.43,64.68,60.03,64.68,4227766
2024-02-29,VCB,65.41,66.74,64.62,64.62,1902870
2024-03-01,VCB,65.21,65.21,63.02,64.62,2383117
2024-03-04,VCB,65.08,65.08,63.49,63.75,1643680
2024-03-05,VCB,64.15,64.15,63.22,63.42,1366903
2024-03-06,VCB,63.42,64.28,63.15,63.49,2072535
2024-03-07,VCB,63.69,64.68,63.42,63.62,2364334
2024-03-08,VCB,63.69,64.08,63.15,63.15,2231150
2024-03-11,VCB,63.15,63.75,62.49,62.49,1842420
2024-03-12,VCB,62.49,63.02,62.42,62.69,1108496
2024-03-13,VCB,63.02,64.08,62.62,63.75,3126592
2024-03-14,VCB,63.75,63.82,62.82,63.09,2322431
2024-03-15,VCB,63.09,63.09,62.36,62.42,2304560
2024-03-18,VCB,62.62,62.76,61.43,61.76,1843874
2024-03-19,VCB,61.43,62.09,61.43,61.43,870431
2024-03-20,VCB,61.43,62.49,61.43,61.89,899448
2024-03-21,VCB,62.42,63.42,62.42,63.22,1454765
2024-03-22,VCB,63.22,64.28,63.22,64.02,1846861
2024-03-25,VCB,63.09,64.35,62.49,63.55,1370504
2024-03-26,VCB,63.75,64.15,63.62,63.95,736873
2024-03-27,VCB,63.88,63.88,63.49,63.62,1047647
2024-03-28,VCB,63.88,64.02,63.49,63.55,1233566
2024-03-29,VCB,63.69,63.69,63.02,63.02,801942
2024-04-01,VCB,63.02,63.75,62.89,63.22,1222710
2024-04-02,VCB,63.15,63.22,62.36,62.76,970357
2024-04-03,VCB,62.69,62.96,62.29,62.29,1323149
2024-04-04,VCB,63.02,63.75,62.69,63.75,2024326
2024-04-05,VCB,62.96,63.49,62.56,63.02,780020
2024-04-08,VCB,63.02,63.29,62.56,63.02,865357
2024-04-09,VCB,63.09,63.35,62.56,62.62,688518
2024-04-10,VCB,62.62,62.82,62.49,62.76,738740
2024-04-11,VCB,62.42,62.82,62.09,62.42,778946
2024-04-12,VCB,62.76,63.42,62.29,62.82,846008
2024-04-15,VCB,62.82,64.08,61.1,61.1,1902194
2024-04-16,VCB,62.29,62.29,60.1,60.43,1860102
2024-04-17,VCB,60.56,61.16,59.44,60.1,1454446
2024-04-19,VCB,59.77,60.37,59.57,60.1,1326423
2024-04-22,VCB,60.1,60.7,59.9,60.17,999830
2024-04-23,VCB,60.17,60.56,59.24,59.83,1565162
2024-04-24,VCB,60.43,60.5,59.83,60.17,1926287
2024-04-25,VCB,60.17,61.69,60.1,60.43,1236861
2024-04-26,VCB,60.9,61.96,60.56,60.56,1699786
2024-05-02,VCB,61.16,61.43,60.5,61.03,933709
2024-05-03,VCB,61.36,62.03,60.96,61.43,1472206
2024-05-06,VCB,61.69,61.96,61.56,61.76,1148815
2024-05-07,VCB,62.03,62.49,61.69,61.69,1155689
2024-05-08,VCB,61.56,61.89,61.16,61.76,1247171
2024-05-09,VCB,61.69,62.03,61.29,61.43,607990
2024-05-10,VCB,61.56,61.56,60.9,61.1,824888
2024-05-13,VCB,61.16,61.36,60.1,60.43,1234518
2024-05-14,VCB,60.5,60.83,60.1,60.17,819950
2024-05-15,VCB,60.43,60.63,60.3,60.43,884744
2024-05-16,VCB,61.1,61.56,60.76,61.49,1715536
2024-05-17,VCB,61.49,61.49,60.9,60.96,1086438
2024-05-20,VCB,61.29,61.76,60.96,61.03,1045431
2024-05-21,VCB,61.03,61.1,60.23,60.5,1488654
2024-05-22,VCB,60.76,60.9,60.23,60.23,1349994
2024-05-23,VCB,60.23,60.76,60.1,60.43,1318403
2024-05-24,VCB,60.43,60.43,59.77,59.9,2243441
2024-05-27,VCB,60.03,60.17,59.57,59.9,1060054
2024-05-28,VCB,59.63,60.23,59.63,60.23,1351470
2024-05-29,VCB,60.3,60.43,59.63,59.63,1188182
2024-05-30,VCB,59.44,59.57,58.77,58.84,2358180
2024-05-31,VCB,58.9,59.1,57.91,57.91,3927010
2024-06-03,VCB,58.44,59.3,58.44,58.57,2111127
2024-06-04,VCB,59.04,59.24,58.64,58.9,1818442
2024-06-05,VCB,58.9,59.44,58.84,58.97,1886226
2024-06-06,VCB,59.04,59.57,58.97,59.1,1702865
2024-06-07,VCB,59.17,59.57,58.77,58.77,1131101
2024-06-10,VCB,59.04,59.24,58.37,58.44,2643949
2024-06-11,VCB,58.64,58.71,57.84,57.91,2256534
2024-06-12,VCB,58.04,59.24,57.78,58.9,2251490
2024-06-13,VCB,59.04,59.17,58.71,58.71,1603414
2024-06-14,VCB,58.77,59.17,58.11,58.11,2484887
2024-06-17,VCB,58.17,58.31,57.84,57.84,2295281
2024-06-18,VCB,58.11,58.77,57.84,57.84,1372946
2024-06-19,VCB,57.97,58.11,57.44,57.51,2176749
2024-06-20,VCB,57.51,57.51,56.85,57.11,2654038
2024-06-21,VCB,57.18,57.58,56.78,57.11,1809985
2024-06-24,VCB,57.11,58.04,56.78,56.78,2153682
2024-06-25,VCB,56.91,57.58,56.78,56.78,1567779
2024-06-26,VCB,57.04,57.31,56.58,56.58,1709970
2024-06-27,VCB,56.58,57.11,56.58,56.58,1425080
2024-06-28,VCB,57.11,57.11,56.45,56.58,1114085
2024-07-01,VCB,56.98,57.24,56.58,57.18,1180816
2024-07-02,VCB,57.58,58.97,57.24,58.57,2428337
2024-07-03,VCB,58.44,58.9,58.31,58.77,2252635
2024-07-04,VCB,58.84,59.57,58.44,58.44,3062719
2024-07-05,VCB,58.51,59.24,58.44,58.44,1849175
2024-07-08,VCB,58.44,58.9,57.91,57.91,1145562
2024-07-09,VCB,58.11,58.71,57.58,58.51,1551172
2024-07-10,VCB,58.64,59.24,58.44,58.84,1725458
2024-07-11,VCB,58.84,59.04,58.51,58.51,1446841
2024-07-12,VCB,58.57,58.84,58.17,58.17,1374637
2024-07-15,VCB,58.17,58.64,58.11,58.11,1174084
2024-07-16,VCB,58.17,58.84,58.17,58.37,1535446
2024-07-17,VCB,58.97,59.77,58.11,58.44,3365241
2024-07-18,VCB,58.64,58.97,58.37,58.44,1653687
2024-07-19,VCB,58.44,58.97,58.11,58.11,1325123
2024-07-22,VCB,58.11,58.64,57.97,58.24,1463116
2024-07-23,VCB,58.31,58.64,58.11,58.11,1412799
2024-07-24,VCB,58.04,58.51,58.04,58.11,1477891
2024-07-25,VCB,58.17,58.24,57.91,57.97,882334
2024-07-26,VCB,57.97,58.24,57.91,57.97,904427
2024-07-29,VCB,58.17,58.31,57.97,57.97,454233
2024-07-30,VCB,57.97,58.64,57.97,58.11,978889
2024-07-31,VCB,58.11,59.24,58.11,59.24,1865641
2024-08-01,VCB,59.3,60.7,59.24,60.23,4807705
2024-08-02,VCB,60.03,60.03,58.9,58.9,1512887
2024-08-05,VCB,58.77,58.77,57.71,57.71,3063084
2024-08-06,VCB,57.71,58.24,57.58,57.97,1654296
2024-08-07,VCB,58.04,58.24,57.78,58.24,714053
2024-08-08,VCB,58.24,58.24,57.91,57.97,962297
2024-08-09,VCB,58.04,58.64,58.04,58.24,1137871
2024-08-12,VCB,58.71,58.71,57.97,58.31,1061597
2024-08-13,VCB,58.17,59.44,58.17,59.44,1593947
2024-08-14,VCB,59.3,59.37,58.31,58.44,1494847
2024-08-15,VCB,58.44,58.97,58.17,58.17,922035
2024-08-16,VCB,58.44,59.04,58.44,58.51,1371799
2024-08-19,VCB,58.97,59.3,58.64,58.97,1656591
2024-08-20,VCB,59.04,60.3,59.04,60.3,3387268
2024-08-21,VCB,60.3,61.76,60.03,61.63,2751625
2024-08-22,VCB,61.69,61.89,61.16,61.36,1416616
2024-08-23,VCB,61.43,61.63,60.1,61.36,1078085
2024-08-26,VCB,61.16,61.49,60.83,61.1,1569224
2024-08-27,VCB,61.1,61.16,60.37,60.76,902760
2024-08-28,VCB,60.9,61.03,60.5,60.5,1032939
2024-08-29,VCB,60.43,61.36,60.43,60.76,1497431
2024-08-30,VCB,60.76,61.29,60.76,60.9,1671053
2024-09-04,VCB,60.5,60.5,59.97,60.43,1014236
2024-09-05,VCB,60.17,60.5,59.83,59.83,1185511
2024-09-06,VCB,59.9,60.3,59.63,59.9,785854
2024-09-09,VCB,59.83,59.9,59.24,59.9,703748
2024-09-10,VCB,59.83,59.9,59.1,59.1,1193581
2024-09-11,VCB,58.84,59.1,58.44,58.71,1029054
2024-09-12,VCB,58.77,59.83,58.71,59.44,1610394
2024-09-13,VCB,59.63,59.9,59.17,59.7,1625774
2024-09-16,VCB,59.5,59.77,58.97,59.04,728926
2024-09-17,VCB,59.1,60.1,58.84,60.1,971859
2024-09-18,VCB,60.17,61.03,59.57,60.43,1722387
2024-09-19,VCB,60.43,60.9,60.37,60.76,1346904
2024-09-20,VCB,60.96,61.1,60.17,60.17,2181722
2024-09-23,VCB,60.63,60.83,60.37,60.37,697895
2024-09-24,VCB,60.37,60.76,60.37,60.56,523790
2024-09-25,VCB,60.76,61.76,60.56,61.63,2604508
2024-09-26,VCB,61.69,62.29,61.43,61.43,1820054
2024-09-27,VCB,61.43,62.16,61.43,61.43,1073168
2024-09-30,VCB,61.43,61.43,61.1,61.1,1278350
2024-10-01,VCB,61.29,62.03,61.1,61.1,1725848
2024-10-02,VCB,61.29,61.56,60.96,61.56,1380621
2024-10-03,VCB,61.49,62.36,61.36,61.49,1700784
2024-10-04,VCB,61.43,61.63,61.29,61.29,860495
2024-10-07,VCB,61.29,61.43,60.96,61.1,611894
2024-10-08,VCB,61.1,61.1,60.43,60.76,1124515
2024-10-09,VCB,60.63,60.96,60.37,60.43,2176865
2024-10-10,VCB,61.29,61.76,60.56,61.03,1326569
2024-10-11,VCB,61.03,61.03,60.56,60.76,1084336
2024-10-14,VCB,61.23,61.23,60.63,60.7,931995
2024-10-15,VCB,60.63,61.16,60.63,60.7,1431969
2024-10-16,VCB,60.7,60.96,60.63,60.76,1293521
2024-10-17,VCB,61.1,61.29,60.9,61.23,1286287
2024-10-18,VCB,61.56,61.83,61.1,61.36,1164056
2024-10-21,VCB,61.43,61.96,61.1,61.1,1425147
2024-10-22,VCB,61.1,61.23,60.7,60.7,1260601
2024-10-23,VCB,60.56,60.96,60.56,60.76,750353
2024-10-24,VCB,61.23,61.29,60.7,60.9,756579
2024-10-25,VCB,61.16,61.29,60.9,60.96,997728
2024-10-28,VCB,60.76,61.29,60.76,61.1,1106555
2024-10-29,VCB,61.16,61.49,61.1,61.1,1298643
2024-10-30,VCB,61.1,61.36,60.83,60.9,627682
2024-10-31,VCB,60.76,63.09,60.76,62.16,2892451
2024-11-01,VCB,62.42,63.02,62.09,62.09,1732251
2024-11-04,VCB,62.42,63.29,61.36,61.43,1856395
2024-11-05,VCB,61.49,61.76,61.1,61.49,1084183
2024-11-06,VCB,61.63,62.03,61.63,61.69,1417991
2024-11-07,VCB,61.89,62.36,61.89,61.89,1420301
2024-11-08,VCB,62.09,62.36,61.23,61.23,1381249
2024-11-11,VCB,61.63,61.63,61.03,61.1,1874368
2024-11-12,VCB,61.1,61.89,61.03,61.03,1337197
2024-11-13,VCB,61.03,61.69,61.03,61.43,1332711
2024-11-14,VCB,61.1,61.43,61.03,61.1,1720202
2024-11-15,VCB,61.1,61.43,60.83,60.9,1509691
2024-11-18,VCB,60.9,61.29,60.37,60.43,1876350
2024-11-19,VCB,60.76,60.83,59.77,59.77,1577896
2024-11-20,VCB,59.77,60.56,59.7,59.97,1641687
2024-11-21,VCB,60.03,60.63,59.9,60.1,1461608
2024-11-22,VCB,60.43,60.63,60.17,60.17,1730814
2024-11-25,VCB,60.37,61.23,60.37,60.63,1814963
2024-11-26,VCB,60.7,61.69,60.7,61.36,1760827
2024-11-27,VCB,61.29,61.89,61.29,61.56,1048309
2024-11-28,VCB,61.83,62.09,61.43,61.49,1290948
2024-11-29,VCB,61.49,61.96,61.43,61.96,1011316
2024-12-02,VCB,63.02,63.15,62.36,62.56,1575332
2024-12-03,VCB,62.69,62.69,61.49,61.76,2447450
2024-12-04,VCB,61.63,62.36,61.43,62.09,1205482
2024-12-05,VCB,61.76,62.82,61.76,62.42,2334456
2024-12-06,VCB,62.42,63.29,62.36,62.56,1702183
2024-12-09,VCB,62.56,63.29,62.36,63.29,1958838
2024-12-10,VCB,63.29,63.29,62.76,62.76,914482
2024-12-11,VCB,62.76,62.96,61.89,61.96,1611488
2024-12-12,VCB,62.09,62.69,62.09,62.09,672349
2024-12-13,VCB,61.89,62.16,61.69,61.83,1228466
2024-12-16,VCB,61.76,61.89,61.69,61.83,1122982
2024-12-17,VCB,61.76,61.83,61.63,61.76,1049241
2024-12-18,VCB,61.76,61.96,61.76,61.83,531269
2024-12-19,VCB,61.63,61.63,61.23,61.36,1870599
2024-12-20,VCB,61.36,61.69,61.29,61.43,1246769
2024-12-23,VCB,61.49,61.63,61.36,61.36,707967
2024-12-24,VCB,61.56,61.63,61.1,61.16,1025356
2024-12-25,VCB,61.23,62.29,61.23,61.36,1829185
2024-12-26,VCB,61.43,61.63,61.1,61.16,2203884
2024-12-27,VCB,61.43,61.76,61.23,61.23,1640901
2024-12-30,VCB,61.23,61.43,61.1,61.1,1707785
2024-12-31,VCB,61.23,61.36,60.56,60.56,2375289
2025-01-02,VCB,60.83,61.43,60.76,61.03,1631368
2025-01-03,VCB,61.03,61.36,61.03,61.1,1403040
2025-01-06,VCB,61.1,62.03,61.03,61.69,1938268
2025-01-07,VCB,61.89,61.89,61.29,61.29,1253566
2025-01-08,VCB,61.29,61.36,60.76,61.36,1054219
2025-01-09,VCB,61.1,61.23,60.9,61.03,739048
2025-01-10,VCB,61.03,61.36,60.7,60.7,1113334
2025-01-13,VCB,60.63,61.03,60.5,61.03,938736
2025-01-14,VCB,61.03,61.03,60.56,60.9,678628
2025-01-15,VCB,61.03,61.03,60.7,60.7,446062
2025-01-16,VCB,61.03,61.89,60.96,61.56,2461599
2025-01-17,VCB,61.56,61.76,61.23,61.43,1124326
2025-01-20,VCB,61.29,61.43,60.83,60.9,1763550
2025-01-21,VCB,61.16,61.16,60.63,60.7,1266355
2025-01-22,VCB,61.1,61.1,60.56,60.56,979719
2025-01-23,VCB,60.63,61.69,60.63,61.43,1686458
2025-01-24,VCB,61.16,61.76,61.16,61.49,945437
2025-02-03,VCB,61.29,61.36,60.83,60.83,1436966
2025-02-04,VCB,61.16,61.23,60.9,61.1,855942
2025-02-05,VCB,61.1,61.63,61.1,61.49,1346904
2025-02-06,VCB,61.63,62.03,61.56,61.69,1352924
2025-02-07,VCB,61.69,61.89,61.43,61.76,2262521
2025-02-10,VCB,61.69,61.69,61.03,61.23,2299299
2025-02-11,VCB,61.23,61.29,60.9,61.03,1040604
2025-02-12,VCB,61.03,61.43,60.76,60.76,1057688
2025-02-13,VCB,61.03,61.03,60.7,60.83,863094
2025-02-14,VCB,61.23,61.23,60.76,60.83,948437
2025-02-17,VCB,60.76,61.1,60.76,60.83,788528
2025-02-18,VCB,60.83,61.1,60.7,60.83,1067903
2025-02-19,VCB,60.83,60.9,60.63,60.9,1510842
2025-02-20,VCB,61.23,61.29,60.9,60.9,1638352
2025-02-21,VCB,61.16,61.83,61.16,61.83,2515484
2025-02-24,VCB,61.96,62.09,61.56,62.09,1957924
2025-02-25,VCB,62.09,62.16,61.43,61.49,1928951
2025-02-26,VCB,61.49,61.69,61.23,61.29,771099
2025-02-27,VCB,63.02,63.35,62.42,62.42,5035025
2025-02-28,VCB,62.56,62.56,61.96,61.96,2073877
2025-03-03,VCB,62.09,62.09,61.76,61.96,1252949
2025-03-04,VCB,61.89,62.03,61.56,61.76,2501823
2025-03-05,VCB,61.76,62.29,61.76,61.76,1822854
2025-03-06,VCB,62.09,62.56,61.89,62.09,2359429
2025-03-07,VCB,62.16,63.29,62.09,63.15,4003619
2025-03-10,VCB,64.02,64.68,63.82,64.28,4434646
2025-03-11,VCB,63.75,64.28,63.49,64.28,3644714
2025-03-12,VCB,65.52,68.11,65.13,66.22,7581491
2025-03-13,VCB,66.72,66.72,64.73,65.03,4514555
2025-03-14,VCB,64.93,66.32,64.93,65.52,4929265
2025-03-17,VCB,65.52,66.82,65.52,66.82,4946897
2025-03-18,VCB,67.31,67.31,66.32,66.32,3663486
2025-03-19,VCB,66.72,66.72,66.02,66.02,3679899
2025-03-20,VCB,66.02,66.52,65.72,66.32,1693378
2025-03-21,VCB,66.52,66.52,65.52,65.52,1707373
2025-03-24,VCB,65.82,66.02,65.03,66.02,1983215
2025-03-25,VCB,66.02,66.12,65.72,65.72,2031082
2025-03-26,VCB,65.92,66.12,65.33,65.33,1511026
2025-03-27,VCB,65.33,65.43,65.03,65.03,905213
2025-03-28,VCB,65.03,65.23,64.33,64.33,1656783
2025-03-31,VCB,64.23,64.73,63.54,63.54,1775079
2025-04-01,VCB,64.23,64.83,63.54,64.04,1720587
2025-04-02,VCB,64.53,65.52,64.13,64.33,2334069
2025-04-03,VCB,63.54,63.94,59.87,59.87,9818714
2025-04-04,VCB,56.29,59.57,55.8,59.57,11892239
2025-04-08,VCB,59.37,59.37,55.4,55.4,7191341
2025-04-09,VCB,51.63,59.27,51.63,52.12,9007761
2025-04-10,VCB,55.7,55.7,55.7,55.7,175351
2025-04-11,VCB,59.37,59.47,57.58,59.37,8074134
2025-04-14,VCB,59.57,59.57,58.28,58.87,3624722
2025-04-15,VCB,58.67,60.46,57.88,59.57,5640640
2025-04-16,VCB,59.27,59.87,58.58,58.87,2632706
2025-04-17,VCB,58.87,58.87,57.68,57.68,3155687
2025-04-18,VCB,58.28,59.17,57.68,57.68,2169852
2025-04-21,VCB,58.08,58.48,57.68,57.78,1294415
2025-04-22,VCB,57.68,58.38,54.31,58.08,3860343
2025-04-23,VCB,58.97,58.97,57.58,57.58,1930757
2025-04-24,VCB,57.78,58.18,57.58,57.78,1864710
2025-04-25,VCB,57.78,58.58,57.09,57.09,3685216
2025-04-28,VCB,57.28,57.88,57.09,57.09,1657552
2025-04-29,VCB,57.28,58.08,56.89,56.89,2437717
2025-05-05,VCB,57.09,57.58,56.59,56.69,2105718
2025-05-06,VCB,56.89,57.58,56.59,56.59,2998281
2025-05-07,VCB,56.69,57.09,56.59,56.59,2419087
2025-05-08,VCB,56.99,57.28,56.49,56.69,3026860
2025-05-09,VCB,56.89,57.19,56.19,56.19,5848894
2025-05-12,VCB,56.59,56.89,55.8,56.19,6007242
2025-05-13,VCB,56.69,56.89,56.19,56.39,7406543
2025-05-14,VCB,56.79,58.38,56.79,58.28,8033608
2025-05-15,VCB,58.87,59.37,58.28,58.28,8083606
2025-05-16,VCB,58.38,58.58,57.09,57.09,8381977
2025-05-19,VCB,56.99,57.19,56.59,56.59,4795918
2025-05-20,VCB,56.59,56.99,56.39,56.69,3875082
2025-05-21,VCB,57.09,57.48,56.59,56.69,5168505
2025-05-22,VCB,56.69,56.99,56.49,56.49,3701203
2025-05-23,VCB,56.49,57.09,56.29,56.39,3554951
2025-05-26,VCB,56.49,56.59,55.6,56.59,4737429
2025-05-27,VCB,56.39,56.79,56.29,56.39,5557215
2025-05-28,VCB,56.69,57.19,56.39,56.39,4959537
2025-05-29,VCB,56.79,56.79,56.29,56.29,3911542
2025-05-30,VCB,56.39,56.49,55.99,55.99,3940554
2025-06-02,VCB,56.09,56.09,55.7,55.8,3232645
2025-06-03,VCB,56.29,56.49,55.99,56.39,3370416
2025-06-04,VCB,56.49,56.59,56.09,56.19,2695759
2025-06-05,VCB,56.29,56.39,55.89,55.89,2788584
2025-06-06,VCB,55.89,56.19,55.7,55.7,2536554
2025-06-09,VCB,55.8,55.99,55.5,55.5,2229030
2025-06-10,VCB,55.6,55.8,55.5,55.5,2235688
2025-06-11,VCB,55.8,55.8,55.3,55.3,2300663
2025-06-12,VCB,55.6,55.7,55.3,55.6,2566853
2025-06-13,VCB,55.5,56.69,55.2,55.8,5375563
2025-06-16,VCB,55.8,56.29,55.8,56.19,4344263
2025-06-17,VCB,56.49,57.09,56.39,56.79,5168205
2025-06-18,VCB,56.79,56.89,56.09,56.29,3428307
2025-06-19,VCB,56.29,56.59,56.09,56.19,2372564
2025-06-20,VCB,56.29,56.79,56.09,56.69,6892497
2025-06-23,VCB,56.29,56.49,56.09,56.19,2485826
2025-06-24,VCB,56.49,56.69,56.19,56.19,3513030
2025-06-25,VCB,56.39,56.49,56.19,56.19,2745087
2025-06-26,VCB,56.29,56.39,55.99,55.99,2847282
2025-06-27,VCB,56.19,56.89,55.99,56.29,4088599
2025-06-30,VCB,56.59,56.79,56.49,56.59,2959226
2025-07-01,VCB,56.79,58.38,56.69,57.78,10063516
2025-07-02,VCB,57.88,58.18,57.28,57.58,2921604
2025-07-03,VCB,57.68,58.38,57.28,57.48,7406255
2025-07-04,VCB,57.48,58.38,57.38,57.98,4856776
2025-07-07,VCB,58.08,58.48,57.78,58.18,8065549
2025-07-08,VCB,58.38,59.07,58.18,58.58,10404990
2025-07-09,VCB,58.97,61.36,58.97,61.06,16474683
2025-07-10,VCB,61.36,61.36,60.56,60.96,8166436
2025-07-11,VCB,61.06,62.65,61.06,62.25,12718706
2025-07-14,VCB,62.45,62.45,60.56,61.95,6488467
2025-07-15,VCB,61.95,62.15,60.96,60.96,6329827
2025-07-16,VCB,60.96,61.65,60.66,61.36,7612148
2025-07-17,VCB,61.36,62.25,61.36,61.75,10002629
2025-07-18,VCB,61.85,62.15,61.36,61.45,6924692
2025-07-21,VCB,61.75,62.25,60.86,60.86,6147587
2025-07-22,VCB,60.86,61.75,60.46,61.75,4912448
2025-07-23,VCB,62.05,62.15,61.36,61.65,5096822
2025-07-24,VCB,61.75,63.04,61.45,61.65,8723746
2025-07-25,VCB,61.65,62.05,61.45,61.55,4984788
2025-07-28,VCB,61.75,62.55,61.65,62.35,10496568
2025-07-29,VCB,62.74,62.74,60.56,60.56,10608513
2025-07-30,VCB,60.56,61.45,59.97,60.46,7282600
2025-07-31,VCB,61.06,61.26,59.67,59.77,6077831
2025-08-01,VCB,59.87,60.16,59.27,59.77,4763193
2025-08-04,VCB,59.67,60.96,59.57,60.66,4468217
2025-08-05,VCB,61.06,63.24,60.76,61.06,18607660
2025-08-06,VCB,61.65,62.35,61.45,61.85,4685719
2025-08-07,VCB,62.45,62.45,60.86,61.26,9509430
2025-08-08,VCB,61.75,62.84,61.16,61.45,10690824
2025-08-11,VCB,61.65,62.74,61.65,62.05,7276190
2025-08-12,VCB,62.35,64.33,62.25,62.55,12145378
2025-08-13,VCB,63.04,63.14,61.55,62.05,7530834
2025-08-14,VCB,63.24,65.82,62.84,64.73,19031114
2025-08-15,VCB,66.91,67.01,63.74,63.84,16686938
2025-08-18,VCB,64.33,65.13,63.54,64.04,8310087
2025-08-19,VCB,64.04,64.93,63.74,63.74,9202625
2025-08-20,VCB,64.04,64.13,61.75,62.55,10551682
2025-08-21,VCB,62.84,64.53,62.84,63.74,9648977
2025-08-22,VCB,63.54,66.72,63.24,64.13,18963941
2025-08-25,VCB,65.33,65.33,62.94,63.14,7761134
2025-08-26,VCB,63.14,64.53,62.45,64.13,7996194
2025-08-27,VCB,64.53,68.6,64.53,68.6,31104601
2025-08-28,VCB,69.0,70.09,68.21,68.5,8814793
2025-08-29,VCB,68.7,69.6,68.01,68.11,14710787
2025-09-03,VCB,68.3,68.3,66.52,66.52,14234980
2025-09-04,VCB,67.01,68.5,66.42,68.4,8952641
2025-09-05,VCB,69.0,69.1,67.01,67.01,11059084
2025-09-08,VCB,66.62,67.01,64.83,64.83,11267729
2025-09-09,VCB,65.03,65.72,64.04,64.43,6203308
2025-09-10,VCB,65.13,65.52,64.33,65.33,5013842
2025-09-11,VCB,65.13,65.52,63.74,65.23,6357770
2025-09-12,VCB,65.72,65.72,64.53,65.33,5700154
2025-09-15,VCB,65.52,65.52,65.03,65.33,5376095
2025-09-16,VCB,65.52,66.12,65.13,65.13,6774895
2025-09-17,VCB,65.03,65.33,64.33,64.33,5636500
2025-09-18,VCB,64.43,64.43,63.14,63.44,8795058
2025-09-19,VCB,63.74,64.04,62.55,62.55,6943361
2025-09-22,VCB,62.55,62.74,61.36,61.55,6074286
2025-09-23,VCB,61.95,62.65,61.75,61.75,3274863
2025-09-24,VCB,61.95,62.25,61.36,62.25,3884578
2025-09-25,VCB,62.84,62.94,62.25,62.55,3876042
2025-09-26,VCB,62.74,62.94,62.45,62.55,3987553
2025-09-29,VCB,62.45,62.45,61.95,62.15,2787923
2025-09-30,VCB,62.35,62.45,61.36,61.55,4111201
2025-10-01,VCB,62.25,62.25,61.55,61.95,3025888
2025-10-02,VCB,61.95,62.65,61.65,61.65,3664921
2025-10-03,VCB,62.0,62.0,61.4,61.7,2827042
2025-10-06,VCB,62.8,64.0,62.8,64.0,7469299
2025-10-07,VCB,64.1,64.1,63.3,63.7,4236587
2025-10-08,VCB,64.2,64.9,63.6,64.6,8121928
2025-10-09,VCB,64.5,65.2,63.8,63.8,5740726
2025-10-10,VCB,63.9,64.4,63.6,64.2,4992243
2025-10-13,VCB,63.4,63.8,62.8,63.1,8002194
2025-10-14,VCB,63.5,64.0,62.9,63.1,7019006
2025-10-15,VCB,63.1,63.4,62.5,62.5,5224622
2025-10-16,VCB,62.7,63.0,62.5,62.9,4634400
2025-10-17,VCB,62.9,62.9,61.8,61.9,5405900
2025-10-20,VCB,61.8,62.2,58.6,59.4,12115600
2025-10-21,VCB,59.7,60.7,59.3,59.3,8416700
2025-10-22,VCB,60.1,60.2,58.5,59.6,4664800
2025-10-23,VCB,58.9,60.3,58.9,59.8,4227100
2025-10-24,VCB,59.8,59.9,58.8,59.5,4372700
2025-10-27,VCB,60.0,60.0,59.2,59.2,2640000
2025-10-28,VCB,59.2,60.2,59.1,60.0,2789700
2025-10-29,VCB,60.0,61.0,59.8,60.7,3716000
2025-10-30,VCB,61.0,61.2,60.3,60.6,1946600
2025-10-31,VCB,60.8,60.8,59.6,59.6,2117800
2025-11-03,VCB,60.0,60.3,59.3,59.3,2800100
2025-11-04,VCB,59.2,60.4,59.1,60.1,2952400
2025-11-05,VCB,60.0,61.1,59.9,60.8,4601700
2025-11-06,VCB,60.9,61.3,60.2,60.3,2821200
2025-11-07,VCB,60.0,60.0,59.0,59.3,3586300
2025-11-10,VCB,59.4,59.7,58.8,58.8,2316500
2025-11-11,VCB,59.1,59.6,58.8,58.9,2540900
2025-11-12,VCB,59.1,59.7,59.0,59.5,2012700
2025-11-13,VCB,59.5,60.0,59.2,59.8,2113500
2025-11-14,VCB,59.8,60.4,59.4,60.0,2069600
2025-11-17,VCB,60.0,60.4,59.9,60.2,1585600
2025-11-18,VCB,60.4,60.4,59.8,59.9,2158800
2025-11-19,VCB,59.9,60.1,59.3,59.4,2896200
2025-11-20,VCB,59.6,59.7,59.2,59.4,2259400
2025-11-21,VCB,59.1,59.2,58.7,59.0,3452400
2025-11-24,VCB,59.0,59.3,58.7,58.8,2025600
2025-11-25,VCB,58.9,59.0,58.2,58.2,2755000
2025-11-26,VCB,58.5,58.6,57.8,58.1,5371200
2025-11-27,VCB,58.2,58.5,57.9,57.9,3113500
2025-11-28,VCB,58.0,58.1,57.4,57.4,3534300
2025-12-01,VCB,57.6,58.0,57.5,57.5,2824900
2025-12-02,VCB,57.5,57.8,57.2,57.6,3185600
2025-12-03,VCB,57.8,59.1,57.8,58.9,6161200
2025-12-04,VCB,59.0,59.4,58.7,58.9,2923100
2025-12-05,VCB,59.0,59.2,58.2,58.3,3604700
2025-12-08,VCB,58.2,58.3,57.8,57.9,2141500
2025-12-09,VCB,57.9,58.7,57.3,58.0,4519400
2025-12-10,VCB,58.3,58.6,57.8,58.2,3082500
2025-12-11,VCB,58.4,58.4,57.6,57.6,1746700
2025-12-12,VCB,57.8,57.8,56.8,56.8,4847700
2025-12-15,VCB,56.8,57.3,56.7,56.8,3203100
2025-12-16,VCB,56.9,57.4,56.0,56.9,6346800
2025-12-17,VCB,57.0,57.5,56.7,56.7,2331200
2025-12-18,VCB,57.2,57.5,56.7,56.8,3075800
2025-12-19,VCB,57.0,57.5,56.7,57.5,4265500
2025-12-22,VCB,57.7,58.0,57.3,57.8,2961200
2025-12-23,VCB,57.8,58.1,57.0,57.2,3147900
2025-12-24,VCB,57.3,57.3,56.9,57.0,4431500
2025-12-25,VCB,57.0,57.9,57.0,57.1,3968100
2025-12-26,VCB,57.1,57.4,56.6,57.1,3302500
2025-12-29,VCB,57.4,57.5,57.1,57.1,2099700
2025-12-30,VCB,57.3,58.1,57.2,57.3,2958000
2025-12-31,VCB,57.4,57.9,57.3,57.5,2530800
2026-01-05,VCB,57.5,57.6,57.0,57.1,3591800
2026-01-06,VCB,57.1,57.5,56.6,57.3,4173200
2026-01-07,VCB,57.6,59.9,57.5,59.6,12918300
2026-01-08,VCB,59.8,63.7,59.7,63.7,27104600
2026-01-09,VCB,65.4,68.0,65.4,68.0,32481400
2026-01-12,VCB,69.9,72.7,69.6,72.7,21973100
2026-01-13,VCB,74.3,76.0,71.8,74.0,28198200
2026-01-14,VCB,73.1,78.8,73.1,76.0,21213600
2026-01-15,VCB,74.0,74.9,71.9,71.9,23227200
2026-01-16,VCB,73.0,76.0,72.0,73.0,13426500
2026-01-19,VCB,73.0,73.5,71.6,72.7,8212000
2026-01-20,VCB,74.0,75.0,72.1,73.5,18491600
2026-01-21,VCB,72.8,73.6,71.7,72.8,11179000
2026-01-22,VCB,73.4,75.9,70.6,71.0,18577500
2026-01-23,VCB,71.0,71.0,68.5,68.6,16804700
2026-01-26,VCB,68.9,71.1,68.7,69.6,10990600
2026-01-27,VCB,69.7,71.5,68.1,70.6,9645200
2026-01-28,VCB,71.1,72.9,69.4,69.6,12283200
2026-01-29,VCB,69.3,70.8,68.6,69.8,7855400
2026-01-30,VCB,70.6,71.9,69.6,70.5,11480700
2026-02-02,VCB,70.5,71.5,69.3,71.5,10711000
2026-02-03,VCB,72.4,73.3,71.3,71.8,15094700
2026-02-04,VCB,72.0,72.0,70.5,70.8,8726700
2026-02-05,VCB,70.7,70.8,68.4,68.4,11688700
2026-02-06,VCB,67.9,67.9,64.9,65.1,24570400
2026-02-09,VCB,65.5,66.0,64.2,65.0,7308900
2026-02-10,VCB,64.5,65.5,62.6,63.1,15811100
2026-02-11,VCB,64.0,66.6,63.5,64.7,11121200
2026-02-12,VCB,65.5,65.5,64.2,64.2,7950400
2026-02-13,VCB,64.7,65.1,64.0,64.4,4951400
2026-02-23,VCB,65.0,66.7,64.6,66.4,10104200
2026-02-24,VCB,66.6,66.6,64.9,65.0,10246500
2026-02-25,VCB,65.0,66.5,64.7,65.1,9488800
2026-02-26,VCB,65.2,65.9,65.0,65.4,7561900
2026-02-27,VCB,65.5,66.4,64.8,64.9,8831200
2026-03-02,VCB,62.9,63.9,62.9,62.9,17105000
2026-03-03,VCB,62.9,63.7,61.4,61.6,12575400
2026-03-04,VCB,61.8,63.2,61.7,63.0,10259500
2026-03-05,VCB,63.7,63.7,62.5,62.5,6037000
2026-03-06,VCB,62.0,63.2,61.6,61.6,8854200
2026-03-09,VCB,57.4,59.7,57.3,57.3,29396000
2026-03-10,VCB,59.8,60.9,58.8,60.4,11524700
2026-03-11,VCB,60.5,61.2,60.0,60.4,8789200
2026-03-12,VCB,60.2,60.3,59.5,59.8,6217000
2026-03-13,VCB,59.2,60.1,58.9,59.0,5656900
